file,kind,name,owner,modes,original,prompt
char_dantes.png,캐릭터,단테스,석세서 오브 다크니스 · 단테스 측,왕자들의 내전,BTNMetamorphosis.blp,"Square 1:1 character portrait icon, bust shot, dark fantasy painterly style, dramatic rim light, plain dark background, no text, no frame. Original character design: do not imitate any existing game's characters. Character: ""단테스"", 석세서 오브 다크니스, of the 단테스 측."
skill_publish.png,스킬,공표,공통,"왕자들의 내전, 태초의 전쟁, 리델루트 황야, 트롤 부족의 반란",BTN_Common_Official.blp,"Square 1:1 game skill icon, dark fantasy painterly style, one centered subject with a strong silhouette, dramatic rim light, deep shadows, rich but limited palette, no text, no letters, no frame or border, readable at 48px. Original design: do not imitate Warcraft, StarCraft or any existing game's art. Skill: ""공표"" — 이름 하나를 선택하여 자신의 정체를 공표한다."
skill_ally.png,스킬,동맹,공통,"왕자들의 내전, 태초의 전쟁, 리델루트 황야, 트롤 부족의 반란",BTNLoad.blp,"Square 1:1 game skill icon, dark fantasy painterly style, one centered subject with a strong silhouette, dramatic rim light, deep shadows, rich but limited palette, no text, no letters, no frame or border, readable at 48px. Original design: do not imitate Warcraft, StarCraft or any existing game's art. Skill: ""동맹"" — 대상에게 동맹상태를 선언한다."
skill_break_ally.png,스킬,동맹 파기,공통,"왕자들의 내전, 태초의 전쟁, 리델루트 황야, 트롤 부족의 반란",BTNUnload.blp,"Square 1:1 game skill icon, dark fantasy painterly style, one centered subject with a strong silhouette, dramatic rim light, deep shadows, rich but limited palette, no text, no letters, no frame or border, readable at 48px. Original design: do not imitate Warcraft, StarCraft or any existing game's art. Skill: ""동맹 파기"" — 대상과의 동맹을 파기시킨다."
skill_ally_check.png,스킬,아군 확인,공통,"왕자들의 내전, 태초의 전쟁, 리델루트 황야, 트롤 부족의 반란",BTNReveal.blp,"Square 1:1 game skill icon, dark fantasy painterly style, one centered subject with a strong silhouette, dramatic rim light, deep shadows, rich but limited palette, no text, no letters, no frame or border, readable at 48px. Original design: do not imitate Warcraft, StarCraft or any existing game's art. Skill: ""아군 확인"" — 목표 대상을 살핀다."
skill_attack.png,스킬,공격,공통,"왕자들의 내전, 태초의 전쟁, 리델루트 황야, 트롤 부족의 반란",BTN_Common_Attack.blp,"Square 1:1 game skill icon, dark fantasy painterly style, one centered subject with a strong silhouette, dramatic rim light, deep shadows, rich but limited palette, no text, no letters, no frame or border, readable at 48px. Original design: do not imitate Warcraft, StarCraft or any existing game's art. Skill: ""공격"" — 목표대상의 정체를 기입하여 일치할 경우 살해한다."
skill_dantes_command.png,스킬,마황자의 명령,단테스,왕자들의 내전,BTNMetamorphosis.blp,"Square 1:1 game skill icon, dark fantasy painterly style, one centered subject with a strong silhouette, dramatic rim light, deep shadows, rich but limited palette, no text, no letters, no frame or border, readable at 48px. Original design: do not imitate Warcraft, StarCraft or any existing game's art. Skill: ""마황자의 명령"" — 목표 대상이 카이라면 살해한다."
skill_dantes_successor.png,스킬,후계자 임명,단테스,왕자들의 내전,BTNScrollOfHealing.blp,"Square 1:1 game skill icon, dark fantasy painterly style, one centered subject with a strong silhouette, dramatic rim light, deep shadows, rich but limited palette, no text, no letters, no frame or border, readable at 48px. Original design: do not imitate Warcraft, StarCraft or any existing game's art. Skill: ""후계자 임명"" — 목표 대상이 메르츠키엘이라면 후계자 스킬을 부여한다."
skill_global_chat.png,스킬,전체 채팅(공개),공통,"왕자들의 내전, 태초의 전쟁, 리델루트 황야, 트롤 부족의 반란",BTNDrum.blp,"Square 1:1 game skill icon, dark fantasy painterly style, one centered subject with a strong silhouette, dramatic rim light, deep shadows, rich but limited palette, no text, no letters, no frame or border, readable at 48px. Original design: do not imitate Warcraft, StarCraft or any existing game's art. Skill: ""전체 채팅(공개)"" — 패시브 '-전체 (내용)' 형태로 타이핑 할 시 자신의 정체를 숨기고 진명을 통하여 모든 참가자에게 말할 수 있다."
char_mertz.png,캐릭터,메르츠키엘,세컨드 프린스 · 단테스 측,왕자들의 내전,BTNEvilIllidan.blp,"Square 1:1 character portrait icon, bust shot, dark fantasy painterly style, dramatic rim light, plain dark background, no text, no frame. Original character design: do not imitate any existing game's characters. Character: ""메르츠키엘"", 세컨드 프린스, of the 단테스 측."
skill_advanced_attack.png,스킬,상급 공격,공통,"왕자들의 내전, 태초의 전쟁, 리델루트 황야, 트롤 부족의 반란",BTN_Common_HighAttack.blp,"Square 1:1 game skill icon, dark fantasy painterly style, one centered subject with a strong silhouette, dramatic rim light, deep shadows, rich but limited palette, no text, no letters, no frame or border, readable at 48px. Original design: do not imitate Warcraft, StarCraft or any existing game's art. Skill: ""상급 공격"" — 목표대상의 정체를 기입하여 일치할 경우 살해한다."
skill_mertz_spouse.png,스킬,배우자,메르츠키엘,왕자들의 내전,BTNBanshee.blp,"Square 1:1 game skill icon, dark fantasy painterly style, one centered subject with a strong silhouette, dramatic rim light, deep shadows, rich but limited palette, no text, no letters, no frame or border, readable at 48px. Original design: do not imitate Warcraft, StarCraft or any existing game's art. Skill: ""배우자"" — 목표 대상이 레인딜라일 경우 알아낸다."
skill_shadow_jail.png,스킬,쉐도우 자일,메르츠키엘,왕자들의 내전,BTN_Skill_ShadowJail.blp,"Square 1:1 game skill icon, dark fantasy painterly style, one centered subject with a strong silhouette, dramatic rim light, deep shadows, rich but limited palette, no text, no letters, no frame or border, readable at 48px. Original design: do not imitate Warcraft, StarCraft or any existing game's art. Skill: ""쉐도우 자일"" — 목표 대상을 45초 동안 무적상태 및 행동불능으로 만든다."
char_kelhu.png,캐릭터,켈후,오우거 로드 · 단테스 측,왕자들의 내전,BTNOgreLord.blp,"Square 1:1 character portrait icon, bust shot, dark fantasy painterly style, dramatic rim light, plain dark background, no text, no frame. Original character design: do not imitate any existing game's characters. Character: ""켈후"", 오우거 로드, of the 단테스 측."
skill_warrior_scent.png,스킬,전사의 후각,"켈후, 투마",왕자들의 내전,BTNBerserk.blp,"Square 1:1 game skill icon, dark fantasy painterly style, one centered subject with a strong silhouette, dramatic rim light, deep shadows, rich but limited palette, no text, no letters, no frame or border, readable at 48px. Original design: do not imitate Warcraft, StarCraft or any existing game's art. Skill: ""전사의 후각"" — 목표 대상이 상급 전사(상급공격 및 최상급공격을 보유)여부를 알아낸다."
skill_bodyguard_kelhu.png,스킬,보디가드,켈후,왕자들의 내전,BTN_Skill_PowerofGuts.blp,"Square 1:1 game skill icon, dark fantasy painterly style, one centered subject with a strong silhouette, dramatic rim light, deep shadows, rich but limited palette, no text, no letters, no frame or border, readable at 48px. Original design: do not imitate Warcraft, StarCraft or any existing game's art. Skill: ""보디가드"" — 패시브 켈후가 살아있으면 단테스는 공격당하지 않는다."
skill_kelhu_loyal.png,스킬,충복,켈후,왕자들의 내전,BTN_Skill_Faithful.blp,"Square 1:1 game skill icon, dark fantasy painterly style, one centered subject with a strong silhouette, dramatic rim light, deep shadows, rich but limited palette, no text, no letters, no frame or border, readable at 48px. Original design: do not imitate Warcraft, StarCraft or any existing game's art. Skill: ""충복"" — 목표 대상이 단테스일 경우 알아낸다."
skill_hard_skin.png,스킬,하드스킨,"켈후, 카미카제","왕자들의 내전, 리델루트 황야",PASBTN_Skill_HardSkin.blp,"Square 1:1 game skill icon, dark fantasy painterly style, one centered subject with a strong silhouette, dramatic rim light, deep shadows, rich but limited palette, no text, no letters, no frame or border, readable at 48px. Original design: do not imitate Warcraft, StarCraft or any existing game's art. Skill: ""하드스킨"" — 패시브 켈후는 3번 공격당해야 사망한다."
char_freya.png,캐릭터,프레이아,프리스티스 오브 그리드 · 단테스 측,왕자들의 내전,BTNWarden2.blp,"Square 1:1 character portrait icon, bust shot, dark fantasy painterly style, dramatic rim light, plain dark background, no text, no frame. Original character design: do not imitate any existing game's characters. Character: ""프레이아"", 프리스티스 오브 그리드, of the 단테스 측."
skill_scan.png,스킬,스캔,공통,"왕자들의 내전, 태초의 전쟁, 공통",BTNCharm.blp,"Square 1:1 game skill icon, dark fantasy painterly style, one centered subject with a strong silhouette, dramatic rim light, deep shadows, rich but limited palette, no text, no letters, no frame or border, readable at 48px. Original design: do not imitate Warcraft, StarCraft or any existing game's art. Skill: ""스캔"" — 목표 대상을 살핀다."
char_soen.png,캐릭터,소엔,드로우 어쌔신 · 단테스 측,왕자들의 내전,BTNHuntress.blp,"Square 1:1 character portrait icon, bust shot, dark fantasy painterly style, dramatic rim light, plain dark background, no text, no frame. Original character design: do not imitate any existing game's characters. Character: ""소엔"", 드로우 어쌔신, of the 단테스 측."
skill_enemy_check.png,스킬,적군 확인,공통,"왕자들의 내전, 태초의 전쟁, 리델루트 황야, 트롤 부족의 반란",BTNReveal.blp,"Square 1:1 game skill icon, dark fantasy painterly style, one centered subject with a strong silhouette, dramatic rim light, deep shadows, rich but limited palette, no text, no letters, no frame or border, readable at 48px. Original design: do not imitate Warcraft, StarCraft or any existing game's art. Skill: ""적군 확인"" — 목표 대상을 살핀다."
skill_backstab.png,스킬,백스탭,소엔,왕자들의 내전,BTN_Skill_BackStep.blp,"Square 1:1 game skill icon, dark fantasy painterly style, one centered subject with a strong silhouette, dramatic rim light, deep shadows, rich but limited palette, no text, no letters, no frame or border, readable at 48px. Original design: do not imitate Warcraft, StarCraft or any existing game's art. Skill: ""백스탭"" — 목표 대상이 소엔에게 동맹 상태일 경우 살해한다."
skill_disguise.png,스킬,변장,"소엔, 네오니스","왕자들의 내전, 트롤 부족의 반란",BTNAvengingAssassin.tga,"Square 1:1 game skill icon, dark fantasy painterly style, one centered subject with a strong silhouette, dramatic rim light, deep shadows, rich but limited palette, no text, no letters, no frame or border, readable at 48px. Original design: do not imitate Warcraft, StarCraft or any existing game's art. Skill: ""변장"" — 패시브 카이측의 이름으로 공표할 시 카이측의 '아군 확인' 및 '스캔' 스킬의 결과를 맞는 것으로 속일 수 있다."
skill_advice.png,스킬,조언,소엔,왕자들의 내전,BTNScout.blp,"Square 1:1 game skill icon, dark fantasy painterly style, one centered subject with a strong silhouette, dramatic rim light, deep shadows, rich but limited palette, no text, no letters, no frame or border, readable at 48px. Original design: do not imitate Warcraft, StarCraft or any existing game's art. Skill: ""조언"" — 목표 대상이 켈후라면 냉정함 스킬을 부여한다."
char_reindila.png,캐릭터,레인딜라,소울 팔로어 · 단테스 측,왕자들의 내전,BTNBanshee.blp,"Square 1:1 character portrait icon, bust shot, dark fantasy painterly style, dramatic rim light, plain dark background, no text, no frame. Original character design: do not imitate any existing game's characters. Character: ""레인딜라"", 소울 팔로어, of the 단테스 측."
skill_libido_priestess.png,스킬,리비도의 여사제,레인딜라,왕자들의 내전,BTNWarden2.blp,"Square 1:1 game skill icon, dark fantasy painterly style, one centered subject with a strong silhouette, dramatic rim light, deep shadows, rich but limited palette, no text, no letters, no frame or border, readable at 48px. Original design: do not imitate Warcraft, StarCraft or any existing game's art. Skill: ""리비도의 여사제"" — 프레이아의 정체를 알아낸다."
skill_reindila_spouse.png,스킬,배우자,레인딜라,왕자들의 내전,BTNEvilIllidan.blp,"Square 1:1 game skill icon, dark fantasy painterly style, one centered subject with a strong silhouette, dramatic rim light, deep shadows, rich but limited palette, no text, no letters, no frame or border, readable at 48px. Original design: do not imitate Warcraft, StarCraft or any existing game's art. Skill: ""배우자"" — 목표 대상이 메르츠키엘일 경우 알아낸다."
skill_soul_wall.png,스킬,영혼의 벽,레인딜라,왕자들의 내전,BTN_Skill_SoulWall.blp,"Square 1:1 game skill icon, dark fantasy painterly style, one centered subject with a strong silhouette, dramatic rim light, deep shadows, rich but limited palette, no text, no letters, no frame or border, readable at 48px. Original design: do not imitate Warcraft, StarCraft or any existing game's art. Skill: ""영혼의 벽"" — 목표 대상은 소울 리버 스킬에 의해 살해당하지 않는다."
skill_soul_recovery.png,스킬,영혼의 회복,레인딜라,왕자들의 내전,BTNBanish.blp,"Square 1:1 game skill icon, dark fantasy painterly style, one centered subject with a strong silhouette, dramatic rim light, deep shadows, rich but limited palette, no text, no letters, no frame or border, readable at 48px. Original design: do not imitate Warcraft, StarCraft or any existing game's art. Skill: ""영혼의 회복"" — 60초 동안 목표 대상은 공격에 실패하더라도 사망하지 않는다."
char_sephy.png,캐릭터,세피,카오스 위치 · 단테스 측,왕자들의 내전,BTNBlueDemoness.blp,"Square 1:1 character portrait icon, bust shot, dark fantasy painterly style, dramatic rim light, plain dark background, no text, no frame. Original character design: do not imitate any existing game's characters. Character: ""세피"", 카오스 위치, of the 단테스 측."
skill_burning_magic.png,스킬,버닝 매직,세피,"왕자들의 내전, 리델루트 황야",BTNManaBurn.blp,"Square 1:1 game skill icon, dark fantasy painterly style, one centered subject with a strong silhouette, dramatic rim light, deep shadows, rich but limited palette, no text, no letters, no frame or border, readable at 48px. Original design: do not imitate Warcraft, StarCraft or any existing game's art. Skill: ""버닝 매직"" — 목표 대상의 마나를 70 감소시킨다."
skill_confusion.png,스킬,교란,세피,"왕자들의 내전, 리델루트 황야",BTNSilence.blp,"Square 1:1 game skill icon, dark fantasy painterly style, one centered subject with a strong silhouette, dramatic rim light, deep shadows, rich but limited palette, no text, no letters, no frame or border, readable at 48px. Original design: do not imitate Warcraft, StarCraft or any existing game's art. Skill: ""교란"" — 목표 대상을 45초 동안 행동 불능으로 만든다."
skill_curse.png,스킬,저주,세피,"왕자들의 내전, 리델루트 황야",BTNDizzy.blp,"Square 1:1 game skill icon, dark fantasy painterly style, one centered subject with a strong silhouette, dramatic rim light, deep shadows, rich but limited palette, no text, no letters, no frame or border, readable at 48px. Original design: do not imitate Warcraft, StarCraft or any existing game's art. Skill: ""저주"" — 목표 대상의 마나가 50 이하라면 그의 정체를 즉시 알아낸다."
char_kai.png,캐릭터,카이,프린스 오브 다크니스 · 카이 측,왕자들의 내전,BTNHeroDemonHunter.blp,"Square 1:1 character portrait icon, bust shot, dark fantasy painterly style, dramatic rim light, plain dark background, no text, no frame. Original character design: do not imitate any existing game's characters. Character: ""카이"", 프린스 오브 다크니스, of the 카이 측."
skill_soul_reaver.png,스킬,소울 리버,카이,"왕자들의 내전, 리델루트 황야",BTN_Skill_SoulReaver.blp,"Square 1:1 game skill icon, dark fantasy painterly style, one centered subject with a strong silhouette, dramatic rim light, deep shadows, rich but limited palette, no text, no letters, no frame or border, readable at 48px. Original design: do not imitate Warcraft, StarCraft or any existing game's art. Skill: ""소울 리버"" — 목표 대상을 정체에 관계없이 살해한다."
char_arin.png,캐릭터,아린,다크 템플러 · 카이 측,왕자들의 내전,BTN_Hero_DarkTempler.blp,"Square 1:1 character portrait icon, bust shot, dark fantasy painterly style, dramatic rim light, plain dark background, no text, no frame. Original character design: do not imitate any existing game's characters. Character: ""아린"", 다크 템플러, of the 카이 측."
skill_advanced_enemy_check.png,스킬,상급 적군 확인,"아린, 케인","왕자들의 내전, 태초의 전쟁",BTNReveal.blp,"Square 1:1 game skill icon, dark fantasy painterly style, one centered subject with a strong silhouette, dramatic rim light, deep shadows, rich but limited palette, no text, no letters, no frame or border, readable at 48px. Original design: do not imitate Warcraft, StarCraft or any existing game's art. Skill: ""상급 적군 확인"" — 목표 대상을 살핀다."
skill_rune_protection.png,스킬,룬 프로텍션,아린,"왕자들의 내전, 리델루트 황야",BTN_Skill_RuneofProtection.blp,"Square 1:1 game skill icon, dark fantasy painterly style, one centered subject with a strong silhouette, dramatic rim light, deep shadows, rich but limited palette, no text, no letters, no frame or border, readable at 48px. Original design: do not imitate Warcraft, StarCraft or any existing game's art. Skill: ""룬 프로텍션"" — 목표 대상을 45초 동안 무적상태로 만든다."
skill_bodyguard_arin.png,스킬,보디가드,아린,왕자들의 내전,PASBTN_Skill_Bodyguard.blp,"Square 1:1 game skill icon, dark fantasy painterly style, one centered subject with a strong silhouette, dramatic rim light, deep shadows, rich but limited palette, no text, no letters, no frame or border, readable at 48px. Original design: do not imitate Warcraft, StarCraft or any existing game's art. Skill: ""보디가드"" — 패시브 아린이 살아있으면 카이는 공격당하지 않는다."
skill_kai_loyal.png,스킬,충복,"아린, 카스파",왕자들의 내전,BTN_Skill_Faithful.blp,"Square 1:1 game skill icon, dark fantasy painterly style, one centered subject with a strong silhouette, dramatic rim light, deep shadows, rich but limited palette, no text, no letters, no frame or border, readable at 48px. Original design: do not imitate Warcraft, StarCraft or any existing game's art. Skill: ""충복"" — 목표 대상이 카이일 경우 알아낸다."
char_tuma.png,캐릭터,투마,플레임 블레이더 · 카이 측,왕자들의 내전,BTNChaosWolfRider.blp,"Square 1:1 character portrait icon, bust shot, dark fantasy painterly style, dramatic rim light, plain dark background, no text, no frame. Original character design: do not imitate any existing game's characters. Character: ""투마"", 플레임 블레이더, of the 카이 측."
skill_valiant_charge.png,스킬,용맹한 돌진,투마,"왕자들의 내전, 리델루트 황야",BTN_Skill_BeastFrenzy.blp,"Square 1:1 game skill icon, dark fantasy painterly style, one centered subject with a strong silhouette, dramatic rim light, deep shadows, rich but limited palette, no text, no letters, no frame or border, readable at 48px. Original design: do not imitate Warcraft, StarCraft or any existing game's art. Skill: ""용맹한 돌진"" — 목표 대상이 켈후라면 살해한다."
skill_flame_source.png,스킬,화염의 근원,투마,"왕자들의 내전, 리델루트 황야",PASBTN_Skill_OriginofFire.blp,"Square 1:1 game skill icon, dark fantasy painterly style, one centered subject with a strong silhouette, dramatic rim light, deep shadows, rich but limited palette, no text, no letters, no frame or border, readable at 48px. Original design: do not imitate Warcraft, StarCraft or any existing game's art. Skill: ""화염의 근원"" — 패시브 투마는 2번 공격당해야 사망한다."
char_krate.png,캐릭터,크레이트,둠 로드 · 카이 측,왕자들의 내전,BTN_Hero_DoomLord.blp,"Square 1:1 character portrait icon, bust shot, dark fantasy painterly style, dramatic rim light, plain dark background, no text, no frame. Original character design: do not imitate any existing game's characters. Character: ""크레이트"", 둠 로드, of the 카이 측."
skill_advanced_scan.png,스킬,상급 스캔,"크레이트, 프레이아, (공통 primordial)","왕자들의 내전, 리델루트 황야, 공통",BTNCharm.blp,"Square 1:1 game skill icon, dark fantasy painterly style, one centered subject with a strong silhouette, dramatic rim light, deep shadows, rich but limited palette, no text, no letters, no frame or border, readable at 48px. Original design: do not imitate Warcraft, StarCraft or any existing game's art. Skill: ""상급 스캔"" — 목표 대상을 살핀다."
skill_nightmare.png,스킬,나이트메어,크레이트,왕자들의 내전,BTN_Skill_Nightmare.blp,"Square 1:1 game skill icon, dark fantasy painterly style, one centered subject with a strong silhouette, dramatic rim light, deep shadows, rich but limited palette, no text, no letters, no frame or border, readable at 48px. Original design: do not imitate Warcraft, StarCraft or any existing game's art. Skill: ""나이트메어"" — 목표 대상을 45초 동안 행동 불능으로 만든다."
char_kaspa.png,캐릭터,카스파,다크 샤먼 · 카이 측,왕자들의 내전,BTN_Hero_DarkShaman.blp,"Square 1:1 character portrait icon, bust shot, dark fantasy painterly style, dramatic rim light, plain dark background, no text, no frame. Original character design: do not imitate any existing game's characters. Character: ""카스파"", 다크 샤먼, of the 카이 측."
skill_essence_absorb.png,스킬,정기 흡수,카스파,왕자들의 내전,BTNDeathPact.blp,"Square 1:1 game skill icon, dark fantasy painterly style, one centered subject with a strong silhouette, dramatic rim light, deep shadows, rich but limited palette, no text, no letters, no frame or border, readable at 48px. Original design: do not imitate Warcraft, StarCraft or any existing game's art. Skill: ""정기 흡수"" — 패시브 적을 공격하여 살해하면 마나를 50 회복한다."
skill_successor.png,스킬,후계자,(획득형),왕자들의 내전,BTNPeriapt.blp,"Square 1:1 game skill icon, dark fantasy painterly style, one centered subject with a strong silhouette, dramatic rim light, deep shadows, rich but limited palette, no text, no letters, no frame or border, readable at 48px. Original design: do not imitate Warcraft, StarCraft or any existing game's art. Skill: ""후계자"" — 패시브 단테스가 사망하더라도 메르츠키엘이 살아있으면 패배하지 않는다."
skill_calmness.png,스킬,냉정함,(획득형),왕자들의 내전,BTNIncinerate.blp,"Square 1:1 game skill icon, dark fantasy painterly style, one centered subject with a strong silhouette, dramatic rim light, deep shadows, rich but limited palette, no text, no letters, no frame or border, readable at 48px. Original design: do not imitate Warcraft, StarCraft or any existing game's art. Skill: ""냉정함"" — 패시브 투마의 돌진으로부터 보호받는다."
skill_soen_chain_murder.png,스킬,연쇄살인,(획득형),왕자들의 내전,BTN_Skill_ChainMurder.blp,"Square 1:1 game skill icon, dark fantasy painterly style, one centered subject with a strong silhouette, dramatic rim light, deep shadows, rich but limited palette, no text, no letters, no frame or border, readable at 48px. Original design: do not imitate Warcraft, StarCraft or any existing game's art. Skill: ""연쇄살인"" — 목표 대상의 정체를 기입하여 일치할 경우 살해한다."
skill_oracle.png,스킬,신탁,"(획득형), 카스파","왕자들의 내전, 리델루트 황야",BTNUndeadShrine.blp,"Square 1:1 game skill icon, dark fantasy painterly style, one centered subject with a strong silhouette, dramatic rim light, deep shadows, rich but limited palette, no text, no letters, no frame or border, readable at 48px. Original design: do not imitate Warcraft, StarCraft or any existing game's art. Skill: ""신탁"" — 목표 대상의 진실의 보석 소유 여부를 간파해낸다."
skill_shadow_eye.png,스킬,그림자의 눈,(획득형),왕자들의 내전,BTN_Skill_SoulWall.blp,"Square 1:1 game skill icon, dark fantasy painterly style, one centered subject with a strong silhouette, dramatic rim light, deep shadows, rich but limited palette, no text, no letters, no frame or border, readable at 48px. Original design: do not imitate Warcraft, StarCraft or any existing game's art. Skill: ""그림자의 눈"" — 진실의 조각이나 보석을 가진 상태에서 이 스킬을 사용하면 대상의 정체를 알 수 있다."
char_rael.png,캐릭터,라엘,엘프 히어로 · 지상 연합,태초의 전쟁,BTNPriest.blp,"Square 1:1 character portrait icon, bust shot, dark fantasy painterly style, dramatic rim light, plain dark background, no text, no frame. Original character design: do not imitate any existing game's characters. Character: ""라엘"", 엘프 히어로, of the 지상 연합."
skill_rael_leadership.png,스킬,리더쉽,라엘,태초의 전쟁,BTNHumanCaptureFlag.blp,"Square 1:1 game skill icon, dark fantasy painterly style, one centered subject with a strong silhouette, dramatic rim light, deep shadows, rich but limited palette, no text, no letters, no frame or border, readable at 48px. Original design: do not imitate Warcraft, StarCraft or any existing game's art. Skill: ""리더쉽"" — 원하는 아군 한명의 정체를 알아낼 수 있다."
skill_rael_adv_leadership.png,스킬,상급 리더쉽,라엘,태초의 전쟁,BTNHumanCaptureFlag.blp,"Square 1:1 game skill icon, dark fantasy painterly style, one centered subject with a strong silhouette, dramatic rim light, deep shadows, rich but limited palette, no text, no letters, no frame or border, readable at 48px. Original design: do not imitate Warcraft, StarCraft or any existing game's art. Skill: ""상급 리더쉽"" — 원하는 아군 한명의 정체를 알아낼 수 있다."
skill_rael_eoril_test.png,스킬,에오릴의 시험,라엘,태초의 전쟁,BTNSpy.blp,"Square 1:1 game skill icon, dark fantasy painterly style, one centered subject with a strong silhouette, dramatic rim light, deep shadows, rich but limited palette, no text, no letters, no frame or border, readable at 48px. Original design: do not imitate Warcraft, StarCraft or any existing game's art. Skill: ""에오릴의 시험"" — 목표 대상이 에오릴이라면 마스터의 권능 스킬을 획득한다."
skill_rael_master_power.png,스킬,마스터의 권능(라엘),라엘,태초의 전쟁,BTNMarkOfFire.blp,"Square 1:1 game skill icon, dark fantasy painterly style, one centered subject with a strong silhouette, dramatic rim light, deep shadows, rich but limited palette, no text, no letters, no frame or border, readable at 48px. Original design: do not imitate Warcraft, StarCraft or any existing game's art. Skill: ""마스터의 권능(라엘)"" — 목표 대상을 정체에 관계없이 살해한다."
char_kane.png,캐릭터,케인,문 울프 · 지상 연합,태초의 전쟁,BTN_Hero_MoonWolf.blp,"Square 1:1 character portrait icon, bust shot, dark fantasy painterly style, dramatic rim light, plain dark background, no text, no frame. Original character design: do not imitate any existing game's characters. Character: ""케인"", 문 울프, of the 지상 연합."
skill_kane_wolfs_slash.png,스킬,울프스 슬러쉬,케인,태초의 전쟁,BTNRegeneration.blp,"Square 1:1 game skill icon, dark fantasy painterly style, one centered subject with a strong silhouette, dramatic rim light, deep shadows, rich but limited palette, no text, no letters, no frame or border, readable at 48px. Original design: do not imitate Warcraft, StarCraft or any existing game's art. Skill: ""울프스 슬러쉬"" — 목표 대상을 즉시 1회 공격한다."
skill_kane_moon_protection.png,스킬,문 프로텍션,케인,태초의 전쟁,PASBTNThickFur.blp,"Square 1:1 game skill icon, dark fantasy painterly style, one centered subject with a strong silhouette, dramatic rim light, deep shadows, rich but limited palette, no text, no letters, no frame or border, readable at 48px. Original design: do not imitate Warcraft, StarCraft or any existing game's art. Skill: ""문 프로텍션"" — 패시브 케인은 2번 공격당해야 사망한다."
char_eoril.png,캐릭터,에오릴,피닉스 퀸 · 지상 연합,태초의 전쟁,BTNSorceress.blp,"Square 1:1 character portrait icon, bust shot, dark fantasy painterly style, dramatic rim light, plain dark background, no text, no frame. Original character design: do not imitate any existing game's characters. Character: ""에오릴"", 피닉스 퀸, of the 지상 연합."
skill_eoril_flame_shackle.png,스킬,플레임 쉐클,에오릴,태초의 전쟁,BTNSilence.blp,"Square 1:1 game skill icon, dark fantasy painterly style, one centered subject with a strong silhouette, dramatic rim light, deep shadows, rich but limited palette, no text, no letters, no frame or border, readable at 48px. Original design: do not imitate Warcraft, StarCraft or any existing game's art. Skill: ""플레임 쉐클"" — 목표 대상을 45초 동안 행동 불능 상태로 만든다."
skill_eoril_trial.png,스킬,시련,에오릴,태초의 전쟁,BTNSpy.blp,"Square 1:1 game skill icon, dark fantasy painterly style, one centered subject with a strong silhouette, dramatic rim light, deep shadows, rich but limited palette, no text, no letters, no frame or border, readable at 48px. Original design: do not imitate Warcraft, StarCraft or any existing game's art. Skill: ""시련"" — 목표 대상이 라엘이라면 시련을 부여한다."
skill_eoril_phoenix_flame.png,스킬,피닉스의 불꽃,에오릴,태초의 전쟁,BTNWallOfFire.blp,"Square 1:1 game skill icon, dark fantasy painterly style, one centered subject with a strong silhouette, dramatic rim light, deep shadows, rich but limited palette, no text, no letters, no frame or border, readable at 48px. Original design: do not imitate Warcraft, StarCraft or any existing game's art. Skill: ""피닉스의 불꽃"" — 목표 대상이 컨슘이라면 살해한다."
skill_eoril_queens_eye.png,스킬,여왕의 눈,에오릴,태초의 전쟁,BTNScout.blp,"Square 1:1 game skill icon, dark fantasy painterly style, one centered subject with a strong silhouette, dramatic rim light, deep shadows, rich but limited palette, no text, no letters, no frame or border, readable at 48px. Original design: do not imitate Warcraft, StarCraft or any existing game's art. Skill: ""여왕의 눈"" — 패시브 킬데르의 카사노바 스킬사용을 간파한다."
char_nukelius.png,캐릭터,뉴켈리어스,엘더 드루이드 · 지상 연합,태초의 전쟁,BTNFurion.blp,"Square 1:1 character portrait icon, bust shot, dark fantasy painterly style, dramatic rim light, plain dark background, no text, no frame. Original character design: do not imitate any existing game's characters. Character: ""뉴켈리어스"", 엘더 드루이드, of the 지상 연합."
skill_nukelius_chakra_magic.png,스킬,차크라 매직,뉴켈리어스,태초의 전쟁,BTNOrbOfLightning.blp,"Square 1:1 game skill icon, dark fantasy painterly style, one centered subject with a strong silhouette, dramatic rim light, deep shadows, rich but limited palette, no text, no letters, no frame or border, readable at 48px. Original design: do not imitate Warcraft, StarCraft or any existing game's art. Skill: ""차크라 매직"" — 목표 대상의 마나를 100 회복시킨다."
char_tachin.png,캐릭터,타친,트롤 치프틴 · 지상 연합,태초의 전쟁,BTNForestTrollTrapper.blp,"Square 1:1 character portrait icon, bust shot, dark fantasy painterly style, dramatic rim light, plain dark background, no text, no frame. Original character design: do not imitate any existing game's characters. Character: ""타친"", 트롤 치프틴, of the 지상 연합."
skill_tachin_union.png,스킬,연합 결성(타친),타친,태초의 전쟁,BTNHoldPosition.blp,"Square 1:1 game skill icon, dark fantasy painterly style, one centered subject with a strong silhouette, dramatic rim light, deep shadows, rich but limited palette, no text, no letters, no frame or border, readable at 48px. Original design: do not imitate Warcraft, StarCraft or any existing game's art. Skill: ""연합 결성(타친)"" — 목표 대상이 쿠마린일 경우 알아낸다."
skill_tachin_neutralize.png,스킬,중화의 주술,타친,태초의 전쟁,BTNAbsorbMagic.blp,"Square 1:1 game skill icon, dark fantasy painterly style, one centered subject with a strong silhouette, dramatic rim light, deep shadows, rich but limited palette, no text, no letters, no frame or border, readable at 48px. Original design: do not imitate Warcraft, StarCraft or any existing game's art. Skill: ""중화의 주술"" — 목표 대상에게 걸려있는 버프를 제거한다."
skill_tachin_troll_regen.png,스킬,트롤 리제너레이션,타친,태초의 전쟁,BTNRegenerate.blp,"Square 1:1 game skill icon, dark fantasy painterly style, one centered subject with a strong silhouette, dramatic rim light, deep shadows, rich but limited palette, no text, no letters, no frame or border, readable at 48px. Original design: do not imitate Warcraft, StarCraft or any existing game's art. Skill: ""트롤 리제너레이션"" — 패시브 타친은 2번 공격 당해야 사망한다."
char_kumarin.png,캐릭터,쿠마린,타우리안 치프틴 · 지상 연합,태초의 전쟁,BTNHeroTaurenChieftain.blp,"Square 1:1 character portrait icon, bust shot, dark fantasy painterly style, dramatic rim light, plain dark background, no text, no frame. Original character design: do not imitate any existing game's characters. Character: ""쿠마린"", 타우리안 치프틴, of the 지상 연합."
skill_kumarin_union.png,스킬,연합 결성(쿠마린),쿠마린,태초의 전쟁,BTNHoldPosition.blp,"Square 1:1 game skill icon, dark fantasy painterly style, one centered subject with a strong silhouette, dramatic rim light, deep shadows, rich but limited palette, no text, no letters, no frame or border, readable at 48px. Original design: do not imitate Warcraft, StarCraft or any existing game's art. Skill: ""연합 결성(쿠마린)"" — 목표 대상이 타친일 경우 알아낸다."
skill_kumarin_binding.png,스킬,포박의 주술,쿠마린,태초의 전쟁,BTNSlow.blp,"Square 1:1 game skill icon, dark fantasy painterly style, one centered subject with a strong silhouette, dramatic rim light, deep shadows, rich but limited palette, no text, no letters, no frame or border, readable at 48px. Original design: do not imitate Warcraft, StarCraft or any existing game's art. Skill: ""포박의 주술"" — 목표 대상이 컨슘이라면 그가 소유한 레지스턴스 스킬을 제거한다."
skill_kumarin_commander_guard.png,스킬,지휘관 보호,쿠마린,태초의 전쟁,BTNDefendStop.blp,"Square 1:1 game skill icon, dark fantasy painterly style, one centered subject with a strong silhouette, dramatic rim light, deep shadows, rich but limited palette, no text, no letters, no frame or border, readable at 48px. Original design: do not imitate Warcraft, StarCraft or any existing game's art. Skill: ""지휘관 보호"" — 목표 대상이 라엘이라면 그의 보디가드가 된다."
skill_kumarin_bodyguard.png,스킬,보디가드(쿠마린),쿠마린,태초의 전쟁,BTNDefend.blp,"Square 1:1 game skill icon, dark fantasy painterly style, one centered subject with a strong silhouette, dramatic rim light, deep shadows, rich but limited palette, no text, no letters, no frame or border, readable at 48px. Original design: do not imitate Warcraft, StarCraft or any existing game's art. Skill: ""보디가드(쿠마린)"" — 패시브 쿠마린이 살아있으면 라엘은 2번을 더 공격당해야 사망한다."
char_eltas.png,캐릭터,엘타스,블랙 나이트 · 다크니스,태초의 전쟁,BTNHeroDeathKnight.blp,"Square 1:1 character portrait icon, bust shot, dark fantasy painterly style, dramatic rim light, plain dark background, no text, no frame. Original character design: do not imitate any existing game's characters. Character: ""엘타스"", 블랙 나이트, of the 다크니스."
skill_supreme_attack.png,스킬,최상급 공격,"엘타스, 데카","태초의 전쟁, 트롤 부족의 반란",BTN_Common_HighAttack.blp,"Square 1:1 game skill icon, dark fantasy painterly style, one centered subject with a strong silhouette, dramatic rim light, deep shadows, rich but limited palette, no text, no letters, no frame or border, readable at 48px. Original design: do not imitate Warcraft, StarCraft or any existing game's art. Skill: ""최상급 공격"" — 목표대상의 정체를 기입하여 일치할 경우 살해한다."
skill_eltas_leadership.png,스킬,리더쉽(엘타스),엘타스,태초의 전쟁,BTNOrcCaptureFlag.blp,"Square 1:1 game skill icon, dark fantasy painterly style, one centered subject with a strong silhouette, dramatic rim light, deep shadows, rich but limited palette, no text, no letters, no frame or border, readable at 48px. Original design: do not imitate Warcraft, StarCraft or any existing game's art. Skill: ""리더쉽(엘타스)"" — 원하는 아군 한명의 정체를 알아낼 수 있다."
skill_eltas_adv_leadership.png,스킬,상급 리더쉽(엘타스),엘타스,태초의 전쟁,BTNOrcCaptureFlag.blp,"Square 1:1 game skill icon, dark fantasy painterly style, one centered subject with a strong silhouette, dramatic rim light, deep shadows, rich but limited palette, no text, no letters, no frame or border, readable at 48px. Original design: do not imitate Warcraft, StarCraft or any existing game's art. Skill: ""상급 리더쉽(엘타스)"" — 원하는 아군 한명의 정체를 알아낼 수 있다."
skill_eltas_bloody_heart.png,스킬,블러디 하트,엘타스,태초의 전쟁,BTNPhilosophersStone.blp,"Square 1:1 game skill icon, dark fantasy painterly style, one centered subject with a strong silhouette, dramatic rim light, deep shadows, rich but limited palette, no text, no letters, no frame or border, readable at 48px. Original design: do not imitate Warcraft, StarCraft or any existing game's art. Skill: ""블러디 하트"" — 패시브 공격에 성공하면 마나를 30 획득한다."
skill_eltas_shield.png,스킬,엘타스의 방패,엘타스,태초의 전쟁,BTNHumanArmorUpThree.blp,"Square 1:1 game skill icon, dark fantasy painterly style, one centered subject with a strong silhouette, dramatic rim light, deep shadows, rich but limited palette, no text, no letters, no frame or border, readable at 48px. Original design: do not imitate Warcraft, StarCraft or any existing game's art. Skill: ""엘타스의 방패"" — 패시브 엘타스는 3번 공격 당해야 사망한다."
char_sasint.png,캐릭터,사신트,오버로드 · 다크니스,태초의 전쟁,BTNChaosWarlord.blp,"Square 1:1 character portrait icon, bust shot, dark fantasy painterly style, dramatic rim light, plain dark background, no text, no frame. Original character design: do not imitate any existing game's characters. Character: ""사신트"", 오버로드, of the 다크니스."
skill_advanced_ally_check.png,스킬,상급 아군 확인,"사신트, 데카, 세이로우","태초의 전쟁, 트롤 부족의 반란",BTNReveal.blp,"Square 1:1 game skill icon, dark fantasy painterly style, one centered subject with a strong silhouette, dramatic rim light, deep shadows, rich but limited palette, no text, no letters, no frame or border, readable at 48px. Original design: do not imitate Warcraft, StarCraft or any existing game's art. Skill: ""상급 아군 확인"" — 목표 대상을 살핀다."
skill_sasint_support.png,스킬,지원,사신트,태초의 전쟁,BTNDarkSummoning.blp,"Square 1:1 game skill icon, dark fantasy painterly style, one centered subject with a strong silhouette, dramatic rim light, deep shadows, rich but limited palette, no text, no letters, no frame or border, readable at 48px. Original design: do not imitate Warcraft, StarCraft or any existing game's art. Skill: ""지원"" — 목표 대상의 마나를 30 증가시킨다."
skill_sasint_training.png,스킬,트레이닝,사신트,태초의 전쟁,BTNEnchantedBears.blp,"Square 1:1 game skill icon, dark fantasy painterly style, one centered subject with a strong silhouette, dramatic rim light, deep shadows, rich but limited palette, no text, no letters, no frame or border, readable at 48px. Original design: do not imitate Warcraft, StarCraft or any existing game's art. Skill: ""트레이닝"" — 목표 대상이 컨슘이라면 상급 공격 스킬을 부여한다."
skill_sasint_battle_mastery.png,스킬,배틀 마스터리,사신트,태초의 전쟁,BTNArcaniteMelee.blp,"Square 1:1 game skill icon, dark fantasy painterly style, one centered subject with a strong silhouette, dramatic rim light, deep shadows, rich but limited palette, no text, no letters, no frame or border, readable at 48px. Original design: do not imitate Warcraft, StarCraft or any existing game's art. Skill: ""배틀 마스터리"" — 지원 스킬을 잃고, 상급 공격 스킬을 획득한다."
char_kilder.png,캐릭터,킬데르,로열 뱀파이어 · 다크니스,태초의 전쟁,BTNHeroDreadLord.blp,"Square 1:1 character portrait icon, bust shot, dark fantasy painterly style, dramatic rim light, plain dark background, no text, no frame. Original character design: do not imitate any existing game's characters. Character: ""킬데르"", 로열 뱀파이어, of the 다크니스."
skill_kilder_vampiric.png,스킬,뱀파이어릭,킬데르,태초의 전쟁,BTNVampiricAura.blp,"Square 1:1 game skill icon, dark fantasy painterly style, one centered subject with a strong silhouette, dramatic rim light, deep shadows, rich but limited palette, no text, no letters, no frame or border, readable at 48px. Original design: do not imitate Warcraft, StarCraft or any existing game's art. Skill: ""뱀파이어릭"" — 뱀파이어릭 적을 공격하여 살해하면 마나를 50 회복한다."
skill_kilder_casanova.png,스킬,카사노바,킬데르,태초의 전쟁,BTNSorceress.blp,"Square 1:1 game skill icon, dark fantasy painterly style, one centered subject with a strong silhouette, dramatic rim light, deep shadows, rich but limited palette, no text, no letters, no frame or border, readable at 48px. Original design: do not imitate Warcraft, StarCraft or any existing game's art. Skill: ""카사노바"" — 목표 대상이 에오릴이라면 6초 후 알아낸다."
skill_kilder_master_power.png,스킬,마스터의 권능(킬데르),킬데르,태초의 전쟁,BTNMarkOfFire.blp,"Square 1:1 game skill icon, dark fantasy painterly style, one centered subject with a strong silhouette, dramatic rim light, deep shadows, rich but limited palette, no text, no letters, no frame or border, readable at 48px. Original design: do not imitate Warcraft, StarCraft or any existing game's art. Skill: ""마스터의 권능(킬데르)"" — 목표 대상을 정체에 관계없이 살해한다."
char_drakan.png,캐릭터,드라칸,블랙타워 위자드 · 다크니스,태초의 전쟁,BTNSkeletonMage.blp,"Square 1:1 character portrait icon, bust shot, dark fantasy painterly style, dramatic rim light, plain dark background, no text, no frame. Original character design: do not imitate any existing game's characters. Character: ""드라칸"", 블랙타워 위자드, of the 다크니스."
skill_drakan_black_spell.png,스킬,블랙 스펠,드라칸,태초의 전쟁,BTNSoulBurn.blp,"Square 1:1 game skill icon, dark fantasy painterly style, one centered subject with a strong silhouette, dramatic rim light, deep shadows, rich but limited palette, no text, no letters, no frame or border, readable at 48px. Original design: do not imitate Warcraft, StarCraft or any existing game's art. Skill: ""블랙 스펠"" — 목표 대상은 마나를 50 잃고 100초 동안 행동 불능 상태가 된다."
skill_drakan_enchant_muscle.png,스킬,인챈트먼트 머슬,드라칸,태초의 전쟁,BTNEnchantedBears.blp,"Square 1:1 game skill icon, dark fantasy painterly style, one centered subject with a strong silhouette, dramatic rim light, deep shadows, rich but limited palette, no text, no letters, no frame or border, readable at 48px. Original design: do not imitate Warcraft, StarCraft or any existing game's art. Skill: ""인챈트먼트 머슬"" — 목표 대상이 컨슘이라면 아이언 스킨 스킬을 부여한다."
char_hermilly.png,캐릭터,허밀리,다크 프리스트 · 다크니스,태초의 전쟁,BTNNecromancer.blp,"Square 1:1 character portrait icon, bust shot, dark fantasy painterly style, dramatic rim light, plain dark background, no text, no frame. Original character design: do not imitate any existing game's characters. Character: ""허밀리"", 다크 프리스트, of the 다크니스."
skill_hermilly_seeing_libido.png,스킬,시잉 오브 리비도,허밀리,태초의 전쟁,BTNUnsummonBuilding.blp,"Square 1:1 game skill icon, dark fantasy painterly style, one centered subject with a strong silhouette, dramatic rim light, deep shadows, rich but limited palette, no text, no letters, no frame or border, readable at 48px. Original design: do not imitate Warcraft, StarCraft or any existing game's art. Skill: ""시잉 오브 리비도"" — 목표 대상에게 시잉 오브 리비도 버프를 부여한다."
skill_hermilly_libido_protection.png,스킬,리비도의 보호,허밀리,태초의 전쟁,BTNScourgeBuild.blp,"Square 1:1 game skill icon, dark fantasy painterly style, one centered subject with a strong silhouette, dramatic rim light, deep shadows, rich but limited palette, no text, no letters, no frame or border, readable at 48px. Original design: do not imitate Warcraft, StarCraft or any existing game's art. Skill: ""리비도의 보호"" — 목표 대상이 컨슘이라면 레지스턴스 스킬을 부여한다."
char_consume.png,캐릭터,컨슘,미트 골렘 · 다크니스,태초의 전쟁,BTNAbomination.blp,"Square 1:1 character portrait icon, bust shot, dark fantasy painterly style, dramatic rim light, plain dark background, no text, no frame. Original character design: do not imitate any existing game's characters. Character: ""컨슘"", 미트 골렘, of the 다크니스."
skill_consume_slave_instinct.png,스킬,노예 본능,컨슘,태초의 전쟁,BTNAbomination.blp,"Square 1:1 game skill icon, dark fantasy painterly style, one centered subject with a strong silhouette, dramatic rim light, deep shadows, rich but limited palette, no text, no letters, no frame or border, readable at 48px. Original design: do not imitate Warcraft, StarCraft or any existing game's art. Skill: ""노예 본능"" — 목표 대상이 엘타스일 경우 알아낸다."
skill_consume_master_guard.png,스킬,주인 보호,컨슘,태초의 전쟁,BTNDefendStop.blp,"Square 1:1 game skill icon, dark fantasy painterly style, one centered subject with a strong silhouette, dramatic rim light, deep shadows, rich but limited palette, no text, no letters, no frame or border, readable at 48px. Original design: do not imitate Warcraft, StarCraft or any existing game's art. Skill: ""주인 보호"" — 목표 대상이 엘타스라면 그의 보디가드가 된다."
skill_consume_final_evolution.png,스킬,최종 진화,컨슘,태초의 전쟁,BTNReincarnation.blp,"Square 1:1 game skill icon, dark fantasy painterly style, one centered subject with a strong silhouette, dramatic rim light, deep shadows, rich but limited palette, no text, no letters, no frame or border, readable at 48px. Original design: do not imitate Warcraft, StarCraft or any existing game's art. Skill: ""최종 진화"" — 레지스턴스, 아이언 스킨, 상급 공격 스킬을 모두 가지고 있다면 진화한다."
skill_consume_bodyguard.png,스킬,보디가드(컨슘),컨슘,태초의 전쟁,BTNDefend.blp,"Square 1:1 game skill icon, dark fantasy painterly style, one centered subject with a strong silhouette, dramatic rim light, deep shadows, rich but limited palette, no text, no letters, no frame or border, readable at 48px. Original design: do not imitate Warcraft, StarCraft or any existing game's art. Skill: ""보디가드(컨슘)"" — 패시브 컨슘이 살아있으면 엘타스는 2번을 더 공격당해야 사망한다."
skill_consume_resistance.png,스킬,레지스턴스,컨슘,태초의 전쟁,BTNImprovedUnholyStrength.blp,"Square 1:1 game skill icon, dark fantasy painterly style, one centered subject with a strong silhouette, dramatic rim light, deep shadows, rich but limited palette, no text, no letters, no frame or border, readable at 48px. Original design: do not imitate Warcraft, StarCraft or any existing game's art. Skill: ""레지스턴스"" — 패시브 피닉스의 불꽃에 의해 사망하지 않는다."
skill_consume_iron_skin.png,스킬,아이언 스킨,컨슘,태초의 전쟁,BTNAdvancedCreatureCarapace.blp,"Square 1:1 game skill icon, dark fantasy painterly style, one centered subject with a strong silhouette, dramatic rim light, deep shadows, rich but limited palette, no text, no letters, no frame or border, readable at 48px. Original design: do not imitate Warcraft, StarCraft or any existing game's art. Skill: ""아이언 스킨"" — 패시브 컨슘은 3번 공격당해야 사망한다."
skill_consume_slaughter.png,스킬,학살,컨슘,태초의 전쟁,BTNDevour.blp,"Square 1:1 game skill icon, dark fantasy painterly style, one centered subject with a strong silhouette, dramatic rim light, deep shadows, rich but limited palette, no text, no letters, no frame or border, readable at 48px. Original design: do not imitate Warcraft, StarCraft or any existing game's art. Skill: ""학살"" — 목표 대상을 정체에 관계없이 살해한다."
skill_loyal_servant.png,스킬,충복,"아린, 카스파",리델루트 황야,BTN_Skill_Faithful.blp,"Square 1:1 game skill icon, dark fantasy painterly style, one centered subject with a strong silhouette, dramatic rim light, deep shadows, rich but limited palette, no text, no letters, no frame or border, readable at 48px. Original design: do not imitate Warcraft, StarCraft or any existing game's art. Skill: ""충복"" — 목표 대상이 카이일 경우 알아낸다."
skill_bodyguard.png,스킬,보디가드,아린,리델루트 황야,PASBTN_Skill_Bodyguard.blp,"Square 1:1 game skill icon, dark fantasy painterly style, one centered subject with a strong silhouette, dramatic rim light, deep shadows, rich but limited palette, no text, no letters, no frame or border, readable at 48px. Original design: do not imitate Warcraft, StarCraft or any existing game's art. Skill: ""보디가드"" — 패시브 아린이 살아있으면 카이는 공격당하지 않는다."
skill_essence_drain.png,스킬,정기 흡수,카스파,리델루트 황야,BTNDeathPact.blp,"Square 1:1 game skill icon, dark fantasy painterly style, one centered subject with a strong silhouette, dramatic rim light, deep shadows, rich but limited palette, no text, no letters, no frame or border, readable at 48px. Original design: do not imitate Warcraft, StarCraft or any existing game's art. Skill: ""정기 흡수"" — 패시브 적을 공격하여 살해하면 마나를 50 회복한다."
skill_religious_alliance.png,스킬,종교 동맹,"카스파, 프레이아",리델루트 황야,BTNHelmOfValor.blp,"Square 1:1 game skill icon, dark fantasy painterly style, one centered subject with a strong silhouette, dramatic rim light, deep shadows, rich but limited palette, no text, no letters, no frame or border, readable at 48px. Original design: do not imitate Warcraft, StarCraft or any existing game's art. Skill: ""종교 동맹"" — 진명을 내어야 사용할 수 있다."
char_freia.png,캐릭터,프레이아,프리스티스 오브 그리드 · 다크니스,리델루트 황야,BTNWarden2.blp,"Square 1:1 character portrait icon, bust shot, dark fantasy painterly style, dramatic rim light, plain dark background, no text, no frame. Original character design: do not imitate any existing game's characters. Character: ""프레이아"", 프리스티스 오브 그리드, of the 다크니스."
skill_dawn_mist.png,스킬,미명의 안개,프레이아,리델루트 황야,BTNShadowMeld.blp,"Square 1:1 game skill icon, dark fantasy painterly style, one centered subject with a strong silhouette, dramatic rim light, deep shadows, rich but limited palette, no text, no letters, no frame or border, readable at 48px. Original design: do not imitate Warcraft, StarCraft or any existing game's art. Skill: ""미명의 안개"" — 목표 대상이 적군 확인 혹은 배틀 센스 스킬의 대상이 되었을 경우 그 결과를 한 번 교란하며, 프레이아는 스킬을 사용한 영웅과 스킬의 종류를 알 수 있다."
skill_charge_sense.png,스킬,돌격 감각,투마,리델루트 황야,BTNBerserk.blp,"Square 1:1 game skill icon, dark fantasy painterly style, one centered subject with a strong silhouette, dramatic rim light, deep shadows, rich but limited palette, no text, no letters, no frame or border, readable at 48px. Original design: do not imitate Warcraft, StarCraft or any existing game's art. Skill: ""돌격 감각"" — 목표 대상이 카미카제라면 알아낸다."
char_sepi.png,캐릭터,세피,카오스 위치 · 다크니스,리델루트 황야,BTNBlueDemoness.blp,"Square 1:1 character portrait icon, bust shot, dark fantasy painterly style, dramatic rim light, plain dark background, no text, no frame. Original character design: do not imitate any existing game's characters. Character: ""세피"", 카오스 위치, of the 다크니스."
skill_distortion.png,스킬,왜곡,세피,리델루트 황야,BTNStun.blp,"Square 1:1 game skill icon, dark fantasy painterly style, one centered subject with a strong silhouette, dramatic rim light, deep shadows, rich but limited palette, no text, no letters, no frame or border, readable at 48px. Original design: do not imitate Warcraft, StarCraft or any existing game's art. Skill: ""왜곡"" — 목표 대상이 소유한 진실의 보석 등급을 한단계 낮춘다."
char_shining.png,캐릭터,샤이닝,그랜드 제너럴 · 가디언,리델루트 황야,BTNDragonHawk.blp,"Square 1:1 character portrait icon, bust shot, dark fantasy painterly style, dramatic rim light, plain dark background, no text, no frame. Original character design: do not imitate any existing game's characters. Character: ""샤이닝"", 그랜드 제너럴, of the 가디언."
skill_ally_scan.png,스킬,아군 스캔,샤이닝,리델루트 황야,BTNCharm.blp,"Square 1:1 game skill icon, dark fantasy painterly style, one centered subject with a strong silhouette, dramatic rim light, deep shadows, rich but limited palette, no text, no letters, no frame or border, readable at 48px. Original design: do not imitate Warcraft, StarCraft or any existing game's art. Skill: ""아군 스캔"" — 목표 대상을 살핀다."
skill_great_will.png,스킬,위대한 의지,샤이닝,리델루트 황야,BTNControlMagic.blp,"Square 1:1 game skill icon, dark fantasy painterly style, one centered subject with a strong silhouette, dramatic rim light, deep shadows, rich but limited palette, no text, no letters, no frame or border, readable at 48px. Original design: do not imitate Warcraft, StarCraft or any existing game's art. Skill: ""위대한 의지"" — 목표 대상이 카이라면 살해한다."
skill_kinship_shining.png,스킬,혈족,샤이닝,리델루트 황야,BTNStasisTrap.blp,"Square 1:1 game skill icon, dark fantasy painterly style, one centered subject with a strong silhouette, dramatic rim light, deep shadows, rich but limited palette, no text, no letters, no frame or border, readable at 48px. Original design: do not imitate Warcraft, StarCraft or any existing game's art. Skill: ""혈족"" — 목표 대상이 치즈코일 경우 알아낸다."
skill_join.png,스킬,합류,공통,리델루트 황야,BTNDivineShieldOff.blp,"Square 1:1 game skill icon, dark fantasy painterly style, one centered subject with a strong silhouette, dramatic rim light, deep shadows, rich but limited palette, no text, no letters, no frame or border, readable at 48px. Original design: do not imitate Warcraft, StarCraft or any existing game's art. Skill: ""합류"" — 목표 대상이 유이라면 전략 포인트를 1 증가시킨다."
char_chizuko.png,캐릭터,치즈코,하프 엔젤릭 · 가디언,리델루트 황야,BTNJaina.blp,"Square 1:1 character portrait icon, bust shot, dark fantasy painterly style, dramatic rim light, plain dark background, no text, no frame. Original character design: do not imitate any existing game's characters. Character: ""치즈코"", 하프 엔젤릭, of the 가디언."
skill_enemy_scan.png,스킬,적군 스캔,치즈코,리델루트 황야,BTNCharm.blp,"Square 1:1 game skill icon, dark fantasy painterly style, one centered subject with a strong silhouette, dramatic rim light, deep shadows, rich but limited palette, no text, no letters, no frame or border, readable at 48px. Original design: do not imitate Warcraft, StarCraft or any existing game's art. Skill: ""적군 스캔"" — 목표 대상을 살핀다."
skill_diplomacy.png,스킬,외교,치즈코,리델루트 황야,BTNNecromancerAdept.blp,"Square 1:1 game skill icon, dark fantasy painterly style, one centered subject with a strong silhouette, dramatic rim light, deep shadows, rich but limited palette, no text, no letters, no frame or border, readable at 48px. Original design: do not imitate Warcraft, StarCraft or any existing game's art. Skill: ""외교"" — 목표 대상에게 즉시 자신의 정체를 드러낸다."
skill_angel_baptism.png,스킬,천사의 세례,치즈코,리델루트 황야,BTNResurrection.blp,"Square 1:1 game skill icon, dark fantasy painterly style, one centered subject with a strong silhouette, dramatic rim light, deep shadows, rich but limited palette, no text, no letters, no frame or border, readable at 48px. Original design: do not imitate Warcraft, StarCraft or any existing game's art. Skill: ""천사의 세례"" — 목표 대상이 기사이며(유이, 수프라, 로네리스) 누구인지 맞춘다면 그에게 특수한 스킬을 부여한다."
skill_kinship_chizuko.png,스킬,혈족,치즈코,리델루트 황야,BTNStasisTrap.blp,"Square 1:1 game skill icon, dark fantasy painterly style, one centered subject with a strong silhouette, dramatic rim light, deep shadows, rich but limited palette, no text, no letters, no frame or border, readable at 48px. Original design: do not imitate Warcraft, StarCraft or any existing game's art. Skill: ""혈족"" — 목표 대상이 샤이닝일 경우 알아낸다."
char_yui.png,캐릭터,유이,디바인 나이트 · 가디언,리델루트 황야,BTNSpellBreaker.blp,"Square 1:1 character portrait icon, bust shot, dark fantasy painterly style, dramatic rim light, plain dark background, no text, no frame. Original character design: do not imitate any existing game's characters. Character: ""유이"", 디바인 나이트, of the 가디언."
skill_chivalry.png,스킬,기사도,"유이, 로네리스, 수프라",리델루트 황야,BTNSorceressAdept.blp,"Square 1:1 game skill icon, dark fantasy painterly style, one centered subject with a strong silhouette, dramatic rim light, deep shadows, rich but limited palette, no text, no letters, no frame or border, readable at 48px. Original design: do not imitate Warcraft, StarCraft or any existing game's art. Skill: ""기사도"" — 자신이 진명을 내었다면 목표 대상이 기사(유이, 로네리스, 수프라)일 경우 알아낸다."
char_loneris.png,캐릭터,로네리스,크루스닉 · 가디언,리델루트 황야,BTNHeroPaladin.blp,"Square 1:1 character portrait icon, bust shot, dark fantasy painterly style, dramatic rim light, plain dark background, no text, no frame. Original character design: do not imitate any existing game's characters. Character: ""로네리스"", 크루스닉, of the 가디언."
skill_order_founding.png,스킬,기사단 창설,로네리스,리델루트 황야,BTNScroll.blp,"Square 1:1 game skill icon, dark fantasy painterly style, one centered subject with a strong silhouette, dramatic rim light, deep shadows, rich but limited palette, no text, no letters, no frame or border, readable at 48px. Original design: do not imitate Warcraft, StarCraft or any existing game's art. Skill: ""기사단 창설"" — 목표 대상이 수프라라면 성공한다."
char_supra.png,캐릭터,수프라,블러디 나이트 · 가디언,리델루트 황야,BTNTheCaptain.blp,"Square 1:1 character portrait icon, bust shot, dark fantasy painterly style, dramatic rim light, plain dark background, no text, no frame. Original character design: do not imitate any existing game's characters. Character: ""수프라"", 블러디 나이트, of the 가디언."
skill_defend.png,스킬,디펜드,수프라,리델루트 황야,BTNHumanArmorUpTwo.blp,"Square 1:1 game skill icon, dark fantasy painterly style, one centered subject with a strong silhouette, dramatic rim light, deep shadows, rich but limited palette, no text, no letters, no frame or border, readable at 48px. Original design: do not imitate Warcraft, StarCraft or any existing game's art. Skill: ""디펜드"" — 패시브 기사도 스킬에 성공하거나 천사의 세례를 받았을 경우 레벨이 상승한다."
char_kamikaze.png,캐릭터,카미카제,그레이트 워로드 · 가디언,리델루트 황야,BTNHeroTaurenChieftain.blp,"Square 1:1 character portrait icon, bust shot, dark fantasy painterly style, dramatic rim light, plain dark background, no text, no frame. Original character design: do not imitate any existing game's characters. Character: ""카미카제"", 그레이트 워로드, of the 가디언."
skill_battle_sense.png,스킬,배틀 센스,"카미카제, 세이로우","리델루트 황야, 트롤 부족의 반란",BTNBerserk.blp,"Square 1:1 game skill icon, dark fantasy painterly style, one centered subject with a strong silhouette, dramatic rim light, deep shadows, rich but limited palette, no text, no letters, no frame or border, readable at 48px. Original design: do not imitate Warcraft, StarCraft or any existing game's art. Skill: ""배틀 센스"" — 목표 대상이 상급 전사(상급 혹은 최상급 공격을 보유)인지, 일반 전사(공격 보유)인지, 전사가 아닌지 여부를 간파할 수 있다."
skill_commander_search.png,스킬,사령관 탐색,카미카제,리델루트 황야,BTNHumanArmorUpTwo.blp,"Square 1:1 game skill icon, dark fantasy painterly style, one centered subject with a strong silhouette, dramatic rim light, deep shadows, rich but limited palette, no text, no letters, no frame or border, readable at 48px. Original design: do not imitate Warcraft, StarCraft or any existing game's art. Skill: ""사령관 탐색"" — 목표 대상이 샤이닝일 경우 알아낸다."
skill_ancient_sorcery.png,스킬,고대의 주술,카미카제,리델루트 황야,BTNShimmerWeed.blp,"Square 1:1 game skill icon, dark fantasy painterly style, one centered subject with a strong silhouette, dramatic rim light, deep shadows, rich but limited palette, no text, no letters, no frame or border, readable at 48px. Original design: do not imitate Warcraft, StarCraft or any existing game's art. Skill: ""고대의 주술"" — 소유한 보석의 등급을 한단계 상승시킨다."
skill_mass_teleport.png,스킬,매스 텔레포트,(획득형),리델루트 황야,BTNMassTeleport.blp,"Square 1:1 game skill icon, dark fantasy painterly style, one centered subject with a strong silhouette, dramatic rim light, deep shadows, rich but limited palette, no text, no letters, no frame or border, readable at 48px. Original design: do not imitate Warcraft, StarCraft or any existing game's art. Skill: ""매스 텔레포트"" — 자신의 정체를 드러내고 목표 대상을 즉시 살해한다."
skill_greater_mass_teleport.png,스킬,상급 매스 텔레포트,(획득형),리델루트 황야,BTNMassTeleport.blp,"Square 1:1 game skill icon, dark fantasy painterly style, one centered subject with a strong silhouette, dramatic rim light, deep shadows, rich but limited palette, no text, no letters, no frame or border, readable at 48px. Original design: do not imitate Warcraft, StarCraft or any existing game's art. Skill: ""상급 매스 텔레포트"" — 자신의 정체를 드러내고 목표 대상을 즉시 살해한다."
skill_order_inquisition.png,스킬,기사단의 심문,(획득형),리델루트 황야,BTNThoriumMelee.blp,"Square 1:1 game skill icon, dark fantasy painterly style, one centered subject with a strong silhouette, dramatic rim light, deep shadows, rich but limited palette, no text, no letters, no frame or border, readable at 48px. Original design: do not imitate Warcraft, StarCraft or any existing game's art. Skill: ""기사단의 심문"" — 1분 뒤에 목표 대상의 정체를 알아낸다."
skill_heresy_judgment.png,스킬,이단 심판,(획득형),리델루트 황야,BTNDisenchant.blp,"Square 1:1 game skill icon, dark fantasy painterly style, one centered subject with a strong silhouette, dramatic rim light, deep shadows, rich but limited palette, no text, no letters, no frame or border, readable at 48px. Original design: do not imitate Warcraft, StarCraft or any existing game's art. Skill: ""이단 심판"" — 목표 대상이 카스파 혹은 프레이아라면 살해한다."
char_chis.png,캐릭터,치스,트롤 치프틴 · 얼음 부족,트롤 부족의 반란,BTNWitchDoctor.blp,"Square 1:1 character portrait icon, bust shot, dark fantasy painterly style, dramatic rim light, plain dark background, no text, no frame. Original character design: do not imitate any existing game's characters. Character: ""치스"", 트롤 치프틴, of the 얼음 부족."
skill_troll_ally_scan.png,스킬,아군 스캔(트롤),치스,트롤 부족의 반란,BTNCharm.blp,"Square 1:1 game skill icon, dark fantasy painterly style, one centered subject with a strong silhouette, dramatic rim light, deep shadows, rich but limited palette, no text, no letters, no frame or border, readable at 48px. Original design: do not imitate Warcraft, StarCraft or any existing game's art. Skill: ""아군 스캔(트롤)"" — 목표 대상을 살핀다."
skill_holy_binding.png,스킬,홀리 바인딩,치스,트롤 부족의 반란,BTNHealingWave.blp,"Square 1:1 game skill icon, dark fantasy painterly style, one centered subject with a strong silhouette, dramatic rim light, deep shadows, rich but limited palette, no text, no letters, no frame or border, readable at 48px. Original design: do not imitate Warcraft, StarCraft or any existing game's art. Skill: ""홀리 바인딩"" — 목표 대상이 데카일 경우 블러디 매드니스를 제거하며, 그 정체가 모든 사람에게 드러난다."
skill_spirit_hex.png,스킬,정령의 주술,치스,트롤 부족의 반란,BTNRegenerate.blp,"Square 1:1 game skill icon, dark fantasy painterly style, one centered subject with a strong silhouette, dramatic rim light, deep shadows, rich but limited palette, no text, no letters, no frame or border, readable at 48px. Original design: do not imitate Warcraft, StarCraft or any existing game's art. Skill: ""정령의 주술"" — 진명을 공표하고 있어야 사용할 수 있다."
char_satoshi.png,캐릭터,사토시,아이스 가드 · 얼음 부족,트롤 부족의 반란,BTNForestTroll.blp,"Square 1:1 character portrait icon, bust shot, dark fantasy painterly style, dramatic rim light, plain dark background, no text, no frame. Original character design: do not imitate any existing game's characters. Character: ""사토시"", 아이스 가드, of the 얼음 부족."
skill_troll_regeneration.png,스킬,트롤 리제너레이션,"사토시, 즈윈라",트롤 부족의 반란,BTNRegenerate.blp,"Square 1:1 game skill icon, dark fantasy painterly style, one centered subject with a strong silhouette, dramatic rim light, deep shadows, rich but limited palette, no text, no letters, no frame or border, readable at 48px. Original design: do not imitate Warcraft, StarCraft or any existing game's art. Skill: ""트롤 리제너레이션"" — 패시브 2번 공격 당해야 사망한다."
skill_bodyguard_chief.png,스킬,보디가드,"사토시, 즈윈라",트롤 부족의 반란,BTNDefend.blp,"Square 1:1 game skill icon, dark fantasy painterly style, one centered subject with a strong silhouette, dramatic rim light, deep shadows, rich but limited palette, no text, no letters, no frame or border, readable at 48px. Original design: do not imitate Warcraft, StarCraft or any existing game's art. Skill: ""보디가드"" — 패시브 사토시와 즈윈라가 살아있으면 치스는 공격당하지 않는다."
skill_brothers.png,스킬,형제,"사토시, 즈윈라",트롤 부족의 반란,BTNIceTrollBeserker.blp,"Square 1:1 game skill icon, dark fantasy painterly style, one centered subject with a strong silhouette, dramatic rim light, deep shadows, rich but limited palette, no text, no letters, no frame or border, readable at 48px. Original design: do not imitate Warcraft, StarCraft or any existing game's art. Skill: ""형제"" — 목표 대상이 즈윈라일 경우 서로 동맹이 되며, 아군 확인 스킬을 획득한다."
skill_chief_protection.png,스킬,족장 보호,사토시,트롤 부족의 반란,BTN_Skill_Faithful.blp,"Square 1:1 game skill icon, dark fantasy painterly style, one centered subject with a strong silhouette, dramatic rim light, deep shadows, rich but limited palette, no text, no letters, no frame or border, readable at 48px. Original design: do not imitate Warcraft, StarCraft or any existing game's art. Skill: ""족장 보호"" — 목표 대상이 치스라면 그를 돌격대의 무모한 돌진으로부터 보호한다."
char_zwinra.png,캐릭터,즈윈라,아이스 워로드 · 얼음 부족,트롤 부족의 반란,BTNIceTrollBeserker.blp,"Square 1:1 character portrait icon, bust shot, dark fantasy painterly style, dramatic rim light, plain dark background, no text, no frame. Original character design: do not imitate any existing game's characters. Character: ""즈윈라"", 아이스 워로드, of the 얼음 부족."
skill_chief_search.png,스킬,족장 탐색,즈윈라,트롤 부족의 반란,BTNWitchDoctor.blp,"Square 1:1 game skill icon, dark fantasy painterly style, one centered subject with a strong silhouette, dramatic rim light, deep shadows, rich but limited palette, no text, no letters, no frame or border, readable at 48px. Original design: do not imitate Warcraft, StarCraft or any existing game's art. Skill: ""족장 탐색"" — 진명을 내어야 사용할 수 있다."
char_hachi.png,캐릭터,하치,엘더 헤드헌터 · 얼음 부족,트롤 부족의 반란,BTNHeadhunter.blp,"Square 1:1 character portrait icon, bust shot, dark fantasy painterly style, dramatic rim light, plain dark background, no text, no frame. Original character design: do not imitate any existing game's characters. Character: ""하치"", 엘더 헤드헌터, of the 얼음 부족."
skill_troll_venom.png,스킬,트롤 부족의 맹독,하치,트롤 부족의 반란,BTNManaBurn.blp,"Square 1:1 game skill icon, dark fantasy painterly style, one centered subject with a strong silhouette, dramatic rim light, deep shadows, rich but limited palette, no text, no letters, no frame or border, readable at 48px. Original design: do not imitate Warcraft, StarCraft or any existing game's art. Skill: ""트롤 부족의 맹독"" — 목표 대상의 마나를 30 감소시킨다."
skill_ancient_hex_hachi.png,스킬,고대의 주술,하치,트롤 부족의 반란,BTNShimmerWeed.blp,"Square 1:1 game skill icon, dark fantasy painterly style, one centered subject with a strong silhouette, dramatic rim light, deep shadows, rich but limited palette, no text, no letters, no frame or border, readable at 48px. Original design: do not imitate Warcraft, StarCraft or any existing game's art. Skill: ""고대의 주술"" — 소유한 보석의 등급을 한단계 상승시킨다."
skill_hide.png,스킬,하이드,하치,트롤 부족의 반란,BTNAmbush.blp,"Square 1:1 game skill icon, dark fantasy painterly style, one centered subject with a strong silhouette, dramatic rim light, deep shadows, rich but limited palette, no text, no letters, no frame or border, readable at 48px. Original design: do not imitate Warcraft, StarCraft or any existing game's art. Skill: ""하이드"" — 패시브 아군/적군 확인과 스캔으로는 하치를 확인할 수 없다."
skill_hunters_mark.png,스킬,사냥꾼의 표식,하치,트롤 부족의 반란,BTNSpy.blp,"Square 1:1 game skill icon, dark fantasy painterly style, one centered subject with a strong silhouette, dramatic rim light, deep shadows, rich but limited palette, no text, no letters, no frame or border, readable at 48px. Original design: do not imitate Warcraft, StarCraft or any existing game's art. Skill: ""사냥꾼의 표식"" — 대상 적에게 사냥꾼의 표식을 새긴다."
char_tokra.png,캐릭터,토크라,아이스 샤먼 · 얼음 부족,트롤 부족의 반란,BTNIceTrollShaman.blp,"Square 1:1 character portrait icon, bust shot, dark fantasy painterly style, dramatic rim light, plain dark background, no text, no frame. Original character design: do not imitate any existing game's characters. Character: ""토크라"", 아이스 샤먼, of the 얼음 부족."
skill_support.png,스킬,지원,"토크라, 네오니스",트롤 부족의 반란,BTNDarkSummoning.blp,"Square 1:1 game skill icon, dark fantasy painterly style, one centered subject with a strong silhouette, dramatic rim light, deep shadows, rich but limited palette, no text, no letters, no frame or border, readable at 48px. Original design: do not imitate Warcraft, StarCraft or any existing game's art. Skill: ""지원"" — 목표 대상의 마나를 30 증가시킨다."
skill_troll_scan.png,스킬,스캔(트롤),토크라,트롤 부족의 반란,BTNCharm.blp,"Square 1:1 game skill icon, dark fantasy painterly style, one centered subject with a strong silhouette, dramatic rim light, deep shadows, rich but limited palette, no text, no letters, no frame or border, readable at 48px. Original design: do not imitate Warcraft, StarCraft or any existing game's art. Skill: ""스캔(트롤)"" — 목표 대상을 살핀다."
skill_wild_essence.png,스킬,야생의 정기,토크라,트롤 부족의 반란,BTNBanish.blp,"Square 1:1 game skill icon, dark fantasy painterly style, one centered subject with a strong silhouette, dramatic rim light, deep shadows, rich but limited palette, no text, no letters, no frame or border, readable at 48px. Original design: do not imitate Warcraft, StarCraft or any existing game's art. Skill: ""야생의 정기"" — 목표 대상이 울디안 혹은 울피안일 경우 알아낸다."
char_uldian.png,캐릭터,울디안,와일드 휴먼 · 얼음 부족,트롤 부족의 반란,BTNBeastMaster.blp,"Square 1:1 character portrait icon, bust shot, dark fantasy painterly style, dramatic rim light, plain dark background, no text, no frame. Original character design: do not imitate any existing game's characters. Character: ""울디안"", 와일드 휴먼, of the 얼음 부족."
skill_wild_bond.png,스킬,야생의 결속,"울디안, 울피안",트롤 부족의 반란,BTNAmuletOftheWild.blp,"Square 1:1 game skill icon, dark fantasy painterly style, one centered subject with a strong silhouette, dramatic rim light, deep shadows, rich but limited palette, no text, no letters, no frame or border, readable at 48px. Original design: do not imitate Warcraft, StarCraft or any existing game's art. Skill: ""야생의 결속"" — 패시브 울디안과 울피안은 동맹 상태로 시작한다."
skill_wild_path.png,스킬,야생의 길,울디안,트롤 부족의 반란,BTNBearForm.blp,"Square 1:1 game skill icon, dark fantasy painterly style, one centered subject with a strong silhouette, dramatic rim light, deep shadows, rich but limited palette, no text, no letters, no frame or border, readable at 48px. Original design: do not imitate Warcraft, StarCraft or any existing game's art. Skill: ""야생의 길"" — 진명을 내어야 사용할 수 있다."
char_ulpian.png,캐릭터,울피안,와일드 휴먼 · 얼음 부족,트롤 부족의 반란,BTNDruidOfTheClaw.blp,"Square 1:1 character portrait icon, bust shot, dark fantasy painterly style, dramatic rim light, plain dark background, no text, no frame. Original character design: do not imitate any existing game's characters. Character: ""울피안"", 와일드 휴먼, of the 얼음 부족."
skill_purify_hex.png,스킬,정화의 주술,울피안,트롤 부족의 반란,BTNDryadDispelMagic.blp,"Square 1:1 game skill icon, dark fantasy painterly style, one centered subject with a strong silhouette, dramatic rim light, deep shadows, rich but limited palette, no text, no letters, no frame or border, readable at 48px. Original design: do not imitate Warcraft, StarCraft or any existing game's art. Skill: ""정화의 주술"" — 카눌라의 스킬 '혼돈의 주술'의 대상이나 카눌라 자신에게 사용했을 경우 즉시 살해한다."
char_deka.png,캐릭터,데카,트롤 버서커 · 트롤 반란자,트롤 부족의 반란,BTNHeadHunterBerserker.blp,"Square 1:1 character portrait icon, bust shot, dark fantasy painterly style, dramatic rim light, plain dark background, no text, no frame. Original character design: do not imitate any existing game's characters. Character: ""데카"", 트롤 버서커, of the 트롤 반란자."
skill_bloody_madness.png,스킬,블러디 매드니스,데카,트롤 부족의 반란,BTNMaskOfDeath.blp,"Square 1:1 game skill icon, dark fantasy painterly style, one centered subject with a strong silhouette, dramatic rim light, deep shadows, rich but limited palette, no text, no letters, no frame or border, readable at 48px. Original design: do not imitate Warcraft, StarCraft or any existing game's art. Skill: ""블러디 매드니스"" — 패시브 공격받았을 때 25의 마나가 있으면 마나를 소모하여 생존할 수 있다."
char_neonis.png,캐릭터,네오니스,쉐도우 시프 · 트롤 반란자,트롤 부족의 반란,BTNShadowHunter.blp,"Square 1:1 character portrait icon, bust shot, dark fantasy painterly style, dramatic rim light, plain dark background, no text, no frame. Original character design: do not imitate any existing game's characters. Character: ""네오니스"", 쉐도우 시프, of the 트롤 반란자."
skill_neviathan_avatar.png,스킬,네비아탄의 화신,네오니스,트롤 부족의 반란,BTNDeathCoil.blp,"Square 1:1 game skill icon, dark fantasy painterly style, one centered subject with a strong silhouette, dramatic rim light, deep shadows, rich but limited palette, no text, no letters, no frame or border, readable at 48px. Original design: do not imitate Warcraft, StarCraft or any existing game's art. Skill: ""네비아탄의 화신"" — 목표 대상이 카'눌라일 경우 알아낸다."
char_kanulla.png,캐릭터,카'눌라,카오스 샤먼 · 트롤 반란자,트롤 부족의 반란,BTNDarkTrollShadowPriest.blp,"Square 1:1 character portrait icon, bust shot, dark fantasy painterly style, dramatic rim light, plain dark background, no text, no frame. Original character design: do not imitate any existing game's characters. Character: ""카'눌라"", 카오스 샤먼, of the 트롤 반란자."
skill_troll_enemy_scan.png,스킬,적군 스캔(트롤),카'눌라,트롤 부족의 반란,BTNCharm.blp,"Square 1:1 game skill icon, dark fantasy painterly style, one centered subject with a strong silhouette, dramatic rim light, deep shadows, rich but limited palette, no text, no letters, no frame or border, readable at 48px. Original design: do not imitate Warcraft, StarCraft or any existing game's art. Skill: ""적군 스캔(트롤)"" — 목표 대상을 살핀다."
skill_chaos_hex.png,스킬,혼돈의 주술,카'눌라,트롤 부족의 반란,BTNSpy.blp,"Square 1:1 game skill icon, dark fantasy painterly style, one centered subject with a strong silhouette, dramatic rim light, deep shadows, rich but limited palette, no text, no letters, no frame or border, readable at 48px. Original design: do not imitate Warcraft, StarCraft or any existing game's art. Skill: ""혼돈의 주술"" — 진명을 공표하고 있을 때 사용할 수 있다."
skill_destroyer_guidance.png,스킬,파괴자의 인도,카'눌라,트롤 부족의 반란,BTNDevour.blp,"Square 1:1 game skill icon, dark fantasy painterly style, one centered subject with a strong silhouette, dramatic rim light, deep shadows, rich but limited palette, no text, no letters, no frame or border, readable at 48px. Original design: do not imitate Warcraft, StarCraft or any existing game's art. Skill: ""파괴자의 인도"" — 데카에게 사용 가능. 성공시 카눌라는 즉사한다."
char_kazrow.png,캐릭터,카즈로우,카오스 어설트 · 트롤 반란자,트롤 부족의 반란,BTNDarkTroll.blp,"Square 1:1 character portrait icon, bust shot, dark fantasy painterly style, dramatic rim light, plain dark background, no text, no frame. Original character design: do not imitate any existing game's characters. Character: ""카즈로우"", 카오스 어설트, of the 트롤 반란자."
skill_berserk_kazrow.png,스킬,광폭화(카즈로우),카즈로우,트롤 부족의 반란,BTNBerserkForTrolls.blp,"Square 1:1 game skill icon, dark fantasy painterly style, one centered subject with a strong silhouette, dramatic rim light, deep shadows, rich but limited palette, no text, no letters, no frame or border, readable at 48px. Original design: do not imitate Warcraft, StarCraft or any existing game's art. Skill: ""광폭화(카즈로우)"" — 진명을 공표하고 있을 때 사용할 수 있다."
skill_reckless_charge.png,스킬,무모한 돌진,"카즈로우, 세이로우",트롤 부족의 반란,BTN_Skill_SoulWall.blp,"Square 1:1 game skill icon, dark fantasy painterly style, one centered subject with a strong silhouette, dramatic rim light, deep shadows, rich but limited palette, no text, no letters, no frame or border, readable at 48px. Original design: do not imitate Warcraft, StarCraft or any existing game's art. Skill: ""무모한 돌진"" — 대상을 무조건 살해한다."
skill_assault_bond.png,스킬,돌격대의 결속,"카즈로우, 세이로우",트롤 부족의 반란,BTNFaerieFire.blp,"Square 1:1 game skill icon, dark fantasy painterly style, one centered subject with a strong silhouette, dramatic rim light, deep shadows, rich but limited palette, no text, no letters, no frame or border, readable at 48px. Original design: do not imitate Warcraft, StarCraft or any existing game's art. Skill: ""돌격대의 결속"" — 패시브 카즈로우와 세이로우는 동맹 상태로 시작한다."
skill_dark_skin.png,스킬,다크 스킨,카즈로우,트롤 부족의 반란,BTNAdvancedCreatureCarapace.blp,"Square 1:1 game skill icon, dark fantasy painterly style, one centered subject with a strong silhouette, dramatic rim light, deep shadows, rich but limited palette, no text, no letters, no frame or border, readable at 48px. Original design: do not imitate Warcraft, StarCraft or any existing game's art. Skill: ""다크 스킨"" — 패시브 카즈로우는 2번 공격당해야 사망한다."
char_seirow.png,캐릭터,세이로우,파나틱 어설트 · 트롤 반란자,트롤 부족의 반란,BTNDarkTrollTrapper.blp,"Square 1:1 character portrait icon, bust shot, dark fantasy painterly style, dramatic rim light, plain dark background, no text, no frame. Original character design: do not imitate any existing game's characters. Character: ""세이로우"", 파나틱 어설트, of the 트롤 반란자."
skill_berserk_seirow.png,스킬,광폭화(세이로우),세이로우,트롤 부족의 반란,BTNBerserkForTrolls.blp,"Square 1:1 game skill icon, dark fantasy painterly style, one centered subject with a strong silhouette, dramatic rim light, deep shadows, rich but limited palette, no text, no letters, no frame or border, readable at 48px. Original design: do not imitate Warcraft, StarCraft or any existing game's art. Skill: ""광폭화(세이로우)"" — 진명을 공표하고 있을 때 사용할 수 있다."
skill_wild_blessing.png,스킬,야생의 축복,(획득형),트롤 부족의 반란,BTNBattleRoar.blp,"Square 1:1 game skill icon, dark fantasy painterly style, one centered subject with a strong silhouette, dramatic rim light, deep shadows, rich but limited palette, no text, no letters, no frame or border, readable at 48px. Original design: do not imitate Warcraft, StarCraft or any existing game's art. Skill: ""야생의 축복"" — 목표 대상이 울디안일 경우 상급 공격을, 울피안일 경우 배틀 센스를 부여한다."
skill_berserk_deka.png,스킬,광폭화(데카),(획득형),트롤 부족의 반란,BTNBerserkForTrolls.blp,"Square 1:1 game skill icon, dark fantasy painterly style, one centered subject with a strong silhouette, dramatic rim light, deep shadows, rich but limited palette, no text, no letters, no frame or border, readable at 48px. Original design: do not imitate Warcraft, StarCraft or any existing game's art. Skill: ""광폭화(데카)"" — 패시브 치스의 홀리 바인딩의 대상이 될 경우 마나를 80 잃지만 블러디 매드니스가 사라지지는 않는다."
skill_truth_gem.png,스킬,진실의 보석,"(공통 I002), (공통 I000)",공통,BTN3M3.blp,"Square 1:1 game skill icon, dark fantasy painterly style, one centered subject with a strong silhouette, dramatic rim light, deep shadows, rich but limited palette, no text, no letters, no frame or border, readable at 48px. Original design: do not imitate Warcraft, StarCraft or any existing game's art. Skill: ""진실의 보석"" — 대상의 정체를 즉시 시전자에게만 알려줌."
skill_dead_check.png,스킬,사망자 확인,(공통),공통,BTNNecromancerMaster.blp,"Square 1:1 game skill icon, dark fantasy painterly style, one centered subject with a strong silhouette, dramatic rim light, deep shadows, rich but limited palette, no text, no letters, no frame or border, readable at 48px. Original design: do not imitate Warcraft, StarCraft or any existing game's art. Skill: ""사망자 확인"" — 사망자들의 직업을 확인한다."
skill_memo.png,스킬,메모,공통,공통,BTNScrollOfProtection.blp,"Square 1:1 game skill icon, dark fantasy painterly style, one centered subject with a strong silhouette, dramatic rim light, deep shadows, rich but limited palette, no text, no letters, no frame or border, readable at 48px. Original design: do not imitate Warcraft, StarCraft or any existing game's art. Skill: ""메모"" — 메모를 확인한다."
