icon,source,png,objects,tooltip,description
BTN_Common_Attack.blp,custom,custom/BTN_Common_Attack.png,A002 공격,공격(A),"[A002] 공격(A)
보유: 단테스, 아린, 카스파, 라엘, 케인, 쿠마린, 사신트, 킬데르, 컨슘, 유이, 로네리스, 카미카제, 울디안, 네오니스 / 모드: 왕자들의 내전, 태초의 전쟁, 리델루트 황야, 트롤 부족의 반란
쿨다운 - 60
사용 횟수 - 무한

목표대상의 정체를 기입하여 일치할 경우 살해한다. 기입한 정체가 틀리거나 보디가드가 있는 대상을 공격할 경우 실패한다. 실패할 경우 공격을 시도한 영웅은 사망한다.

사용 후 6초 동안 이름을 선택하지 않으면 취소됩니다."
BTN_Common_HighAttack.blp,custom,custom/BTN_Common_HighAttack.png,A003 상급 공격 | A01Z 최상급 공격,"상급 공격(A)
최상급 공격(A)","[A003] 상급 공격(A)
보유: 메르츠키엘, 켈후, 카이, 투마, 타친, 수프라, 사토시, 즈윈라, 카즈로우 / 모드: 왕자들의 내전, 태초의 전쟁, 리델루트 황야, 트롤 부족의 반란
쿨다운 - 60
사용 횟수 - 무한

목표대상의 정체를 기입하여 일치할 경우 살해한다. 기입한 정체가 틀리거나 보디가드가 있는 대상을 공격할 경우 실패한다. 2번 실패할 경우 공격을 시도한 영웅은 사망한다.

사용 후 6초 동안 이름을 선택하지 않으면 취소됩니다.

[A01Z] 최상급 공격(A)
보유: 엘타스, 데카 / 모드: 태초의 전쟁, 트롤 부족의 반란
쿨다운 - 60
사용 횟수 - 무한

목표대상의 정체를 기입하여 일치할 경우 살해한다. 기입한 정체가 틀리거나 보디가드가 있는 대상을 공격할 경우 실패한다. 

사용 후 6초 동안 이름을 선택하지 않으면 취소됩니다."
BTN_Common_Official.blp,custom,custom/BTN_Common_Official.png,A000 공표,공표(Q),"[A000] 공표(Q)
보유: 단테스, 메르츠키엘, 켈후, 프레이아, 소엔, 레인딜라, 세피, 카이, 아린, 투마, 크레이트, 카스파, 라엘, 케인, 에오릴, 뉴켈리어스, 타친, 쿠마린, 엘타스, 사신트, 킬데르, 드라칸, 허밀리, 컨슘, 샤이닝, 치즈코, 유이, 로네리스, 수프라, 카미카제, 치스, 사토시, 즈윈라, 하치, 토크라, 울디안, 울피안, 데카, 네오니스, 카'눌라, 카즈로우, 세이로우 / 모드: 왕자들의 내전, 태초의 전쟁, 리델루트 황야, 트롤 부족의 반란
쿨다운 - 40
사용 횟수 - 무한

이름 하나를 선택하여 자신의 정체를 공표한다. 이 스킬을 사용 시 마나를 5 획득한다.

사용 후 6초 동안 이름을 선택하지 않으면 취소됩니다."
BTN_Hero_DarkShaman.blp,custom,custom/BTN_Hero_DarkShaman.png,H004 카스파 | H00R 카스파,"카스파 — 다크 샤먼
카스파 — 다크 샤먼","[H004] 카스파 — 다크 샤먼
모드: 왕자들의 내전

[H00R] 카스파 — 다크 샤먼
모드: 리델루트 황야"
BTN_Hero_DarkTempler.blp,custom,custom/BTN_Hero_DarkTempler.png,H002 아린 | H00S 아린,"아린 — 다크 템플러
아린 — 다크 템플러","[H002] 아린 — 다크 템플러
모드: 왕자들의 내전

[H00S] 아린 — 다크 템플러
모드: 리델루트 황야"
BTN_Hero_DoomLord.blp,custom,custom/BTN_Hero_DoomLord.png,H003 크레이트,크레이트 — 둠 로드,"[H003] 크레이트 — 둠 로드
모드: 왕자들의 내전"
BTN_Hero_MoonWolf.blp,custom,custom/BTN_Hero_MoonWolf.png,H00C 케인,케인 — 문 울프,"[H00C] 케인 — 문 울프
모드: 태초의 전쟁"
BTN_Skill_BackStep.blp,custom,custom/BTN_Skill_BackStep.png,A00M 백스탭,백스탭(Z),"[A00M] 백스탭(Z)
보유: 소엔 / 모드: 왕자들의 내전
쿨다운 - 없음
사용 횟수 - 무한

목표 대상이 소엔에게 동맹 상태일 경우 살해한다. 스킬 사용에 성공하면 연쇄살인 스킬을 획득한다."
BTN_Skill_BeastFrenzy.blp,custom,custom/BTN_Skill_BeastFrenzy.png,A00Z 용맹한 돌진 | A035 용맹한 돌진,"용맹한 돌진(Z)
용맹한 돌진(Z)","[A00Z] 용맹한 돌진(Z)
보유: 투마 / 모드: 왕자들의 내전
사용 횟수 - 1회

목표 대상이 켈후라면 살해한다. 켈후가 냉정함 스킬을 가지고 있다면 실패한다. 스킬 사용에 성공하면 카이와 서로 동맹이 된다.

[A035] 용맹한 돌진(Z)
보유: 투마 / 모드: 리델루트 황야
사용 횟수 - 1회

목표 대상이 카미카제라면 살해한다. 스킬 사용에 성공하면 카이와 서로 동맹이 되고 최상급 공격 스킬을 획득한다."
BTN_Skill_ChainMurder.blp,custom,custom/BTN_Skill_ChainMurder.png,A01D 연쇄살인,연쇄살인(V),"[A01D] 연쇄살인(V)
보유: (획득형) / 모드: 왕자들의 내전
쿨다운 - 10

목표 대상의 정체를 기입하여 일치할 경우 살해한다. 기입한 정체가 틀리거나 보디가드가 있는 대상을 공격할 경우 실패하여 스킬이 사라진다."
BTN_Skill_Faithful.blp,custom,custom/BTN_Skill_Faithful.png,A00L 충복 | A00V 충복 | A03F 족장 보호,"충복(F)
충복(Z)
족장 보호(V)","[A00L] 충복(F)
보유: 켈후 / 모드: 왕자들의 내전
쿨다운 - 40
사용 횟수 - 무한

목표 대상이 단테스일 경우 알아낸다.

[A00V] 충복(Z)
보유: 아린, 카스파 / 모드: 왕자들의 내전, 리델루트 황야
쿨다운 - 40
사용 횟수 - 무한

목표 대상이 카이일 경우 알아낸다.

[A03F] 족장 보호(V)
보유: 사토시 / 모드: 트롤 부족의 반란
사용 횟수 - 1회

목표 대상이 치스라면 그를 돌격대의 무모한 돌진으로부터 보호한다. 스킬 사용 시 모든 플레이어에게 메시지가 표시된다."
BTN_Skill_Nightmare.blp,custom,custom/BTN_Skill_Nightmare.png,A00P 나이트메어,나이트메어(Z),"[A00P] 나이트메어(Z)
보유: 크레이트 / 모드: 왕자들의 내전
쿨다운 - 120
사용 횟수 - 무한

목표 대상을 45초 동안 행동 불능으로 만든다."
BTN_Skill_PowerofGuts.blp,custom,custom/BTN_Skill_PowerofGuts.png,A00K 보디가드,보디가드,"[A00K] 보디가드
보유: 켈후 / 모드: 왕자들의 내전
패시브

켈후가 살아있으면 단테스는 공격당하지 않는다."
BTN_Skill_RuneofProtection.blp,custom,custom/BTN_Skill_RuneofProtection.png,A00W 룬 프로텍션,룬 프로텍션(X),"[A00W] 룬 프로텍션(X)
보유: 아린 / 모드: 왕자들의 내전, 리델루트 황야
쿨다운 - 60
사용 횟수 - 무한

목표 대상을 45초 동안 무적상태로 만든다."
BTN_Skill_ShadowJail.blp,custom,custom/BTN_Skill_ShadowJail.png,A00H 쉐도우 자일,쉐도우 자일(X),"[A00H] 쉐도우 자일(X)
보유: 메르츠키엘 / 모드: 왕자들의 내전
쿨다운 - 180
사용 횟수 - 무한

목표 대상을 45초 동안 무적상태 및 행동불능으로 만든다."
BTN_Skill_SoulReaver.blp,custom,custom/BTN_Skill_SoulReaver.png,A00B 소울 리버,소울 리버(V),"[A00B] 소울 리버(V)
보유: 카이 / 모드: 왕자들의 내전, 리델루트 황야
사용 횟수 - 1회

목표 대상을 정체에 관계없이 살해한다. 20초 후 카이의 정체가 드러나며 이는 게임의 패배로 연결될 수 있다."
BTN_Skill_SoulWall.blp,custom,custom/BTN_Skill_SoulWall.png,A00U 영혼의 벽 | A018 그림자의 눈 | A03Z 무모한 돌진,"영혼의 벽(V)
그림자의 눈 (X)
무모한 돌진(C)","[A00U] 영혼의 벽(V)
보유: 레인딜라 / 모드: 왕자들의 내전
사용 횟수 - 1회

목표 대상은 소울 리버 스킬에 의해 살해당하지 않는다.

[A018] 그림자의 눈 (X)
보유: (획득형) / 모드: 왕자들의 내전
사용 횟수 - 1회

진실의 조각이나 보석을 가진 상태에서 이 스킬을 사용하면 대상의 정체를 알 수 있다. 진실의 조각이나 보석은 등급에 관계없이 사라진다.

[A03Z] 무모한 돌진(C)
보유: 카즈로우, 세이로우 / 모드: 트롤 부족의 반란
사용 횟수 - 1회

대상을 무조건 살해한다. 성공시 자신도 즉사한다."
PASBTN_Skill_Bodyguard.blp,custom,custom/PASBTN_Skill_Bodyguard.png,A00X 보디가드,보디가드,"[A00X] 보디가드
보유: 아린 / 모드: 왕자들의 내전, 리델루트 황야
패시브

아린이 살아있으면 카이는 공격당하지 않는다."
PASBTN_Skill_HardSkin.blp,custom,custom/PASBTN_Skill_HardSkin.png,S000 하드스킨 | S008 하드스킨,"하드스킨
하드스킨","[S000] 하드스킨
보유: 켈후 / 모드: 왕자들의 내전
패시브

켈후는 3번 공격당해야 사망한다.

[S008] 하드스킨
보유: 카미카제 / 모드: 리델루트 황야
패시브

카미카제는 3번 공격당해야 사망한다."
PASBTN_Skill_OriginofFire.blp,custom,custom/PASBTN_Skill_OriginofFire.png,S002 화염의 근원,화염의 근원,"[S002] 화염의 근원
보유: 투마 / 모드: 왕자들의 내전, 리델루트 황야
패시브

투마는 2번 공격당해야 사망한다."
BTN3M1.blp,standard,,I001 진실의 조각 1/3,매 턴이 지나갈 때마다 진명을 공표한 영웅은 이 보석의 조각을 하나씩 획득한다.,"[I001] 매 턴이 지나갈 때마다 진명을 공표한 영웅은 이 보석의 조각을 하나씩 획득한다.
모드: 공통
매 턴이 지나갈 때마다 진명을 공표한 영웅은 이 보석의 조각을 하나씩 획득한다."
BTN3M2.blp,standard,,I002 진실의 조각 2/3,"사용 횟수 - 1회

매 턴이 지나갈 때마다 진명을 공표한 영웅은 이 보석의 조각을 하나씩 획득한다. 이 불완전한 보석을 사용할 경우 목표 대상의 정체를 알아낼 수 있다.","[I002] 사용 횟수 - 1회

매 턴이 지나갈 때마다 진명을 공표한 영웅은 이 보석의 조각을 하나씩 획득한다. 이 불완전한 보석을 사용할 경우 목표 대상의 정체를 알아낼 수 있다.
모드: 공통
사용 횟수 - 1회

매 턴이 지나갈 때마다 진명을 공표한 영웅은 이 보석의 조각을 하나씩 획득한다. 이 불완전한 보석을 사용할 경우 목표 대상의 정체를 알아낼 수 있다."
BTN3M3.blp,standard,,A01B 진실의 보석 | A01A 진실의 보석 | I000 합쳐진 진실의 보석,"-!아이템 : 진실의 보석 2/3
-!아이템 : 진실의 보석
쿨다운 - 360
사용 횟수 - 무한

진실의 힘에 근접으로 이 보석을 얻었도다. 목표 대상에게 사용하면 그의 정체를 즉시 알 수 있다.","[A01B] -!아이템 : 진실의 보석 2/3
보유: (공통 I002) / 모드: 공통

[A01A] -!아이템 : 진실의 보석
보유: (공통 I000) / 모드: 공통

[I000] 쿨다운 - 360
사용 횟수 - 무한

진실의 힘에 근접으로 이 보석을 얻었도다. 목표 대상에게 사용하면 그의 정체를 즉시 알 수 있다.
모드: 공통
쿨다운 - 360
사용 횟수 - 무한

진실의 힘에 근접으로 이 보석을 얻었도다. 목표 대상에게 사용하면 그의 정체를 즉시 알 수 있다."
BTNAbomination.blp,standard,,H00N 컨슘 | A02B 노예 본능,"컨슘 — 미트 골렘
노예 본능(Z)","[H00N] 컨슘 — 미트 골렘
모드: 태초의 전쟁

[A02B] 노예 본능(Z)
보유: 컨슘 / 모드: 태초의 전쟁
쿨다운 - 40
사용 횟수 - 무한

목표 대상이 엘타스일 경우 알아낸다."
BTNAbsorbMagic.blp,standard,,A01U 중화의 주술,중화의 주술(X),"[A01U] 중화의 주술(X)
보유: 타친 / 모드: 태초의 전쟁
사용 횟수 - 1회

목표 대상에게 걸려있는 버프를 제거한다."
BTNAdvancedCreatureCarapace.blp,standard,,A028 아이언 스킨 | S00B 다크 스킨,"아이언 스킨
다크 스킨","[A028] 아이언 스킨
보유: 컨슘 / 모드: 태초의 전쟁
패시브

컨슘은 3번 공격당해야 사망한다.

[S00B] 다크 스킨
보유: 카즈로우 / 모드: 트롤 부족의 반란
패시브

카즈로우는 2번 공격당해야 사망한다."
BTNAmbush.blp,standard,,A033 하이드,하이드,"[A033] 하이드
보유: 하치 / 모드: 트롤 부족의 반란
패시브

아군/적군 확인과 스캔으로는 하치를 확인할 수 없다."
BTNAmuletOftheWild.blp,standard,,A02L 야생의 결속,야생의 결속,"[A02L] 야생의 결속
보유: 울디안, 울피안 / 모드: 트롤 부족의 반란
패시브

울디안과 울피안은 동맹 상태로 시작한다."
BTNArcaniteMelee.blp,standard,,A02E 배틀 마스터리,배틀 마스터리(C),"[A02E] 배틀 마스터리(C)
보유: 사신트 / 모드: 태초의 전쟁
사용 횟수 - 1회

지원 스킬을 잃고, 상급 공격 스킬을 획득한다."
BTNAuraOfDarkness.blp,standard,,S00A 위장,위장,"[S00A] 위장
보유: 네오니스 / 모드: 트롤 부족의 반란
패시브

얼음 부족의 이름으로 공표할 시 얼음 부족의 '아군 확인' 및 '스캔' 스킬의 결과를 맞는 것으로 속일 수 있다."
BTNAvengingAssassin.tga,standard,,S001 변장,변장,"[S001] 변장
보유: 소엔 / 모드: 왕자들의 내전
패시브

카이측의 이름으로 공표할 시 카이측의 '아군 확인' 및 '스캔' 스킬의 결과를 맞는 것으로 속일 수 있다."
BTNBanish.blp,standard,,A00S 영혼의 회복 | A02X 야생의 정기,"영혼의 회복(X)
야생의 정기(X)","[A00S] 영혼의 회복(X)
보유: 레인딜라 / 모드: 왕자들의 내전
쿨다운 - 70
사용 횟수 - 무한

60초 동안 목표 대상은 공격에 실패하더라도 사망하지 않는다.

[A02X] 야생의 정기(X)
보유: 토크라 / 모드: 트롤 부족의 반란
쿨다운 - 40
사용 횟수 - 무한

목표 대상이 울디안 혹은 울피안일 경우 알아낸다."
BTNBanshee.blp,standard,,A01C 배우자 | H008 레인딜라,"배우자(Z)
레인딜라 — 소울 팔로어","[A01C] 배우자(Z)
보유: 메르츠키엘 / 모드: 왕자들의 내전
쿨다운 - 40
사용 횟수 - 무한

목표 대상이 레인딜라일 경우 알아낸다.

[H008] 레인딜라 — 소울 팔로어
모드: 왕자들의 내전"
BTNBattleRoar.blp,standard,,A042 야생의 축복,야생의 축복(X),"[A042] 야생의 축복(X)
보유: (획득형) / 모드: 트롤 부족의 반란
쿨다운 - 90
사용 횟수 - 무한

목표 대상이 울디안일 경우 상급 공격을, 울피안일 경우 배틀 센스를 부여한다. 실패하면 사라진다."
BTNBearForm.blp,standard,,A03O 야생의 길,야생의 길(Z),"[A03O] 야생의 길(Z)
보유: 울디안 / 모드: 트롤 부족의 반란
사용 횟수 - 1회

진명을 내어야 사용할 수 있다. 20초 뒤까지 자신이 진명이면 치스의 정체를 알아낼 수 있다."
BTNBeastMaster.blp,standard,,H015 울디안,울디안 — 와일드 휴먼,"[H015] 울디안 — 와일드 휴먼
모드: 트롤 부족의 반란"
BTNBerserk.blp,standard,,A019 전사의 후각 | A02M 돌격 감각 | A03B 배틀 센스,"전사의 후각(X)
돌격 감각(X)
배틀 센스(X)","[A019] 전사의 후각(X)
보유: 켈후, 투마 / 모드: 왕자들의 내전
쿨다운 - 180

목표 대상이 상급 전사(상급공격 및 최상급공격을 보유)여부를 알아낸다.

[A02M] 돌격 감각(X)
보유: 투마 / 모드: 리델루트 황야
쿨다운 - 100
사용 횟수 - 무한

목표 대상이 카미카제라면 알아낸다.

[A03B] 배틀 센스(X)
보유: 카미카제, 세이로우 / 모드: 리델루트 황야, 트롤 부족의 반란
쿨다운 - 60

목표 대상이 상급 전사(상급 혹은 최상급 공격을 보유)인지, 일반 전사(공격 보유)인지, 전사가 아닌지 여부를 간파할 수 있다."
BTNBerserkForTrolls.blp,standard,,A03R 광폭화(카즈로우) | A03S 광폭화(세이로우) | A043 광폭화(데카),"광폭화(Z)
광폭화(Z)
광폭화","[A03R] 광폭화(Z)
보유: 카즈로우 / 모드: 트롤 부족의 반란
사용 횟수 - 1회

진명을 공표하고 있을 때 사용할 수 있다. 자신의 공격 및 진실의 보석의 쿨다운을 초기화한다. 사용 시 광폭화 사용 사실이 모든 플레이어에게 알려진다.(스킬을 사용한 것이 카즈로우인지 세이로우인지는 알려지지 않는다.)

[A03S] 광폭화(Z)
보유: 세이로우 / 모드: 트롤 부족의 반란
사용 횟수 - 1회

진명을 공표하고 있을 때 사용할 수 있다. 아군 확인 스킬을 잃고, 상급 공격과 다크 스킨을 획득한다. 사용하고 20초 후에 광폭화 사용 사실이 모든 플레이어에게 알려진다.(스킬을 사용한 것이 카즈로우인지 세이로우인지는 알려지지 않는다.)

[A043] 광폭화
보유: (획득형) / 모드: 트롤 부족의 반란
패시브

치스의 홀리 바인딩의 대상이 될 경우 마나를 80 잃지만 블러디 매드니스가 사라지지는 않는다."
BTNBlueDemoness.blp,standard,,H007 세피 | H00Q 세피,"세피 — 카오스 위치
세피 — 카오스 위치","[H007] 세피 — 카오스 위치
모드: 왕자들의 내전

[H00Q] 세피 — 카오스 위치
모드: 리델루트 황야"
BTNChaosWarlord.blp,standard,,H00J 사신트,사신트 — 오버로드,"[H00J] 사신트 — 오버로드
모드: 태초의 전쟁"
BTNChaosWolfRider.blp,standard,,H001 투마 | H00P 투마,"투마 — 플레임 블레이더
투마 — 플레임 블레이더","[H001] 투마 — 플레임 블레이더
모드: 왕자들의 내전

[H00P] 투마 — 플레임 블레이더
모드: 리델루트 황야"
BTNCharm.blp,standard,,A016 스캔 | A017 상급 스캔 | A01L 스캔 | A036 상급 스캔 | A00T 아군 스캔 | A040 적군 스캔 | A015 아군 스캔(트롤) | A02Q 스캔(트롤) | A03T 적군 스캔(트롤) | A037 스캔 | A01M 상급 스캔,"스캔(D)
상급 스캔(D)
스캔(D)
상급 스캔(D)
아군 스캔(D)
적군 스캔(D)
아군 스캔(D)
스캔(D)
적군 스캔(D)
스캔(D)
상급 스캔(D)","[A016] 스캔(D)
보유: 프레이아 / 모드: 왕자들의 내전
쿨다운 - 40
사용 횟수 - 무한

목표 대상을 살핀다. 대상의 정체를 기입하여 일치할 경우 알아낸다. 이 능력으로 카이나 단테스의 정체는 알아낼 수 없다.

[A017] 상급 스캔(D)
보유: 크레이트 / 모드: 왕자들의 내전
쿨다운 - 30
사용 횟수 - 무한

목표 대상을 살핀다. 대상의 정체를 기입하여 일치할 경우 알아낸다. 이 능력으로 카이나 단테스의 정체는 알아낼 수 없다.

[A01L] 스캔(D)
보유: 뉴켈리어스, 허밀리 / 모드: 태초의 전쟁
쿨다운 - 40
사용 횟수 - 무한

목표 대상을 살핀다. 대상의 정체를 기입하여 일치할 경우 알아낸다. 이 능력으로 엘타스나 라엘의 정체는 알아낼 수 없다.

[A036] 상급 스캔(D)
보유: 프레이아 / 모드: 리델루트 황야
쿨다운 - 30
사용 횟수 - 무한

목표 대상을 살핀다. 대상의 정체를 기입하여 일치할 경우 알아낸다. 이 능력으로 카이나 샤이닝의 정체는 알아낼 수 없다.

[A00T] 아군 스캔(D)
보유: 샤이닝 / 모드: 리델루트 황야
쿨다운 - 40
사용 횟수 - 무한

목표 대상을 살핀다. 대상의 정체를 기입하여 일치할 경우 알아낸다. 오직 아군의 정체만을 알 수 있다.

[A040] 적군 스캔(D)
보유: 치즈코 / 모드: 리델루트 황야
쿨다운 - 40
사용 횟수 - 무한

목표 대상을 살핀다. 대상의 정체를 기입하여 일치할 경우 알아낸다. 이 능력으로 카이의 정체는 알아낼 수 없으며, 오직 적군의 정체만을 알 수 있다.

[A015] 아군 스캔(D)
보유: 치스 / 모드: 트롤 부족의 반란
쿨다운 - 40
사용 횟수 - 무한

목표 대상을 살핀다. 대상의 정체를 기입하여 일치할 경우 알아낸다. 오직 아군의 정체만을 알 수 있다.

[A02Q] 스캔(D)
보유: 토크라 / 모드: 트롤 부족의 반란
쿨다운 - 40
사용 횟수 - 무한

목표 대상을 살핀다. 대상의 정체를 기입하여 일치할 경우 알아낸다. 이 능력으로 치스나 데카의 정체는 알아낼 수 없다.

[A03T] 적군 스캔(D)
보유: 카'눌라 / 모드: 트롤 부족의 반란
쿨다운 - 40
사용 횟수 - 무한

목표 대상을 살핀다. 대상의 정체를 기입하여 일치할 경우 알아낸다. 이 능력으로 치스의 정체는 알아낼 수 없으며, 오직 적군의 정체만을 알 수 있다.

[A037] 스캔(D)
보유: (공통 lidellut) / 모드: 공통
쿨다운 - 40
사용 횟수 - 무한

목표 대상을 살핀다. 대상의 정체를 기입하여 일치할 경우 알아낸다. 이 능력으로 카이나 샤이닝의 정체는 알아낼 수 없다.

[A01M] 상급 스캔(D)
보유: (공통 primordial) / 모드: 공통
쿨다운 - 30
사용 횟수 - 무한

목표 대상을 살핀다. 대상의 정체를 기입하여 일치할 경우 알아낸다. 이 능력으로 엘타스나 라엘의 정체는 알아낼 수 없다."
BTNControlMagic.blp,standard,,A02N 위대한 의지,위대한 의지(C),"[A02N] 위대한 의지(C)
보유: 샤이닝 / 모드: 리델루트 황야
사용 횟수 - 1회

목표 대상이 카이라면 살해한다. 

만약 카이가 아니라면 샤이닝은 20초 후 자신의 정체가 드러난다."
BTNDarkSummoning.blp,standard,,A00G 지원 | A02U 지원 | A03X 지원,"지원(Z)
지원(Z)
지원(Z)","[A00G] 지원(Z)
보유: 사신트 / 모드: 태초의 전쟁
쿨다운 - 90
사용 횟수 - 무한

목표 대상의 마나를 30 증가시킨다. 스스로에게는 사용할 수 없다.

[A02U] 지원(Z)
보유: 토크라 / 모드: 트롤 부족의 반란
쿨다운 - 90
사용 횟수 - 무한

목표 대상의 마나를 30 증가시킨다. 스스로에게는 사용할 수 없다.

대상은 누가 자신을 지원했는지 알 수 없다.

[A03X] 지원(Z)
보유: 네오니스 / 모드: 트롤 부족의 반란
쿨다운 - 90
사용 횟수 - 무한

목표 대상의 마나를 30 증가시킨다. 스스로에게는 사용할 수 없다.

대상은 누가 자신을 지원했는지 알 수 없다."
BTNDarkTroll.blp,standard,,H01A 카즈로우,카즈로우 — 카오스 어설트,"[H01A] 카즈로우 — 카오스 어설트
모드: 트롤 부족의 반란"
BTNDarkTrollShadowPriest.blp,standard,,H019 카'눌라,카'눌라 — 카오스 샤먼,"[H019] 카'눌라 — 카오스 샤먼
모드: 트롤 부족의 반란"
BTNDarkTrollTrapper.blp,standard,,H01B 세이로우,세이로우 — 파나틱 어설트,"[H01B] 세이로우 — 파나틱 어설트
모드: 트롤 부족의 반란"
BTNDeathCoil.blp,standard,,A03E 네비아탄의 화신,네비아탄의 화신(C),"[A03E] 네비아탄의 화신(C)
보유: 네오니스 / 모드: 트롤 부족의 반란
쿨다운 - 30
사용 횟수 - 무한

목표 대상이 카'눌라일 경우 알아낸다."
BTNDeathPact.blp,standard,,S003 정기 흡수,정기 흡수,"[S003] 정기 흡수
보유: 카스파 / 모드: 왕자들의 내전, 리델루트 황야
패시브

적을 공격하여 살해하면 마나를 50 회복한다."
BTNDefend.blp,standard,,A01X 보디가드(쿠마린) | S005 보디가드(컨슘) | A022 보디가드,"보디가드
보디가드
보디가드","[A01X] 보디가드
보유: 쿠마린 / 모드: 태초의 전쟁
패시브

쿠마린이 살아있으면 라엘은 2번을 더 공격당해야 사망한다.

[S005] 보디가드
보유: 컨슘 / 모드: 태초의 전쟁
패시브

컨슘이 살아있으면 엘타스는 2번을 더 공격당해야 사망한다.

[A022] 보디가드
보유: 사토시, 즈윈라 / 모드: 트롤 부족의 반란
패시브

사토시와 즈윈라가 살아있으면 치스는 공격당하지 않는다."
BTNDefendStop.blp,standard,,A01W 지휘관 보호 | A027 주인 보호,"지휘관 보호(C)
주인 보호(X)","[A01W] 지휘관 보호(C)
보유: 쿠마린 / 모드: 태초의 전쟁
사용 횟수 - 1회

목표 대상이 라엘이라면 그의 보디가드가 된다.

[A027] 주인 보호(X)
보유: 컨슘 / 모드: 태초의 전쟁
사용 횟수 - 1회

목표 대상이 엘타스라면 그의 보디가드가 된다."
BTNDevour.blp,standard,,A02A 학살 | A03Y 파괴자의 인도,"학살(F)
파괴자의 인도(V)","[A02A] 학살(F)
보유: 컨슘 / 모드: 태초의 전쟁
쿨다운 - 30
사용 횟수 - 무한

목표 대상을 정체에 관계없이 살해한다.

[A03Y] 파괴자의 인도(V)
보유: 카'눌라 / 모드: 트롤 부족의 반란
사용 횟수 - 1회

데카에게 사용 가능. 성공시 카눌라는 즉사한다. 블러드 매드니스가 존재할 경우, 데카의 마나를 최대치로 회복시키고 광폭화 상태로 만든다. 블러드 매드니스가 사라졌을 경우, 데카에게 블러드 매드니스 스킬을 추가한다. 실패 시 스킬이 사라진다."
BTNDisenchant.blp,standard,,A032 이단 심판,이단 심판(C),"[A032] 이단 심판(C)
보유: (획득형) / 모드: 리델루트 황야
쿨다운 - 60
사용 횟수 - 무한

목표 대상이 카스파 혹은 프레이아라면 살해한다. 이 스킬로 카스파 혹은 프레이아를 살해했을 경우 상급 공격을 획득한다."
BTNDivineShieldOff.blp,standard,,A02O 합류,합류(V),"[A02O] 합류(V)
보유: 샤이닝, 치즈코, 로네리스, 수프라, 카미카제 / 모드: 리델루트 황야
사용 횟수 - 1회

목표 대상이 유이라면 전략 포인트를 1 증가시킨다. 합류에 실패할 경우 자신의 정체가 드러난다."
BTNDizzy.blp,standard,,A007 저주 | A03M 저주,"저주(C)
저주(C)","[A007] 저주(C)
보유: 세피 / 모드: 왕자들의 내전
쿨다운 - 200
사용 횟수 - 무한

목표 대상의 마나가 50 이하라면 그의 정체를 즉시 알아낸다. 이 스킬을 사용하려면 진명을 공표하고 있어야 한다.

[A03M] 저주(C)
보유: 세피 / 모드: 리델루트 황야
쿨다운 - 300
사용 횟수 - 무한

목표 대상의 마나가 50 이하라면 그의 정체를 즉시 알아낸다."
BTNDragonHawk.blp,standard,,H00U 샤이닝,샤이닝 — 그랜드 제너럴,"[H00U] 샤이닝 — 그랜드 제너럴
모드: 리델루트 황야"
BTNDruidOfTheClaw.blp,standard,,H016 울피안,울피안 — 와일드 휴먼,"[H016] 울피안 — 와일드 휴먼
모드: 트롤 부족의 반란"
BTNDrum.blp,standard,,A00D 전체 채팅(공개),전체 채팅,"[A00D] 전체 채팅
보유: 단테스, 카이, 샤이닝 / 모드: 왕자들의 내전, 리델루트 황야
패시브
마나소비 - 35

'-전체 (내용)' 형태로 타이핑 할 시 자신의 정체를 숨기고 진명을 통하여 모든 참가자에게 말할 수 있다. 이 기능은 한번 사용할 때마다 마나를 35 소모한다."
BTNDryadDispelMagic.blp,standard,,A03Q 정화의 주술,정화의 주술(Z),"[A03Q] 정화의 주술(Z)
보유: 울피안 / 모드: 트롤 부족의 반란
사용 횟수 - 1회

카눌라의 스킬 '혼돈의 주술'의 대상이나 카눌라 자신에게 사용했을 경우 즉시 살해한다."
BTNEnchantedBears.blp,standard,,A00I 트레이닝 | A026 인챈트먼트 머슬,"트레이닝(X)
인챈트먼트 머슬(C)","[A00I] 트레이닝(X)
보유: 사신트 / 모드: 태초의 전쟁
사용 횟수 - 1회

목표 대상이 컨슘이라면 상급 공격 스킬을 부여한다.

[A026] 인챈트먼트 머슬(C)
보유: 드라칸 / 모드: 태초의 전쟁
사용 횟수 - 1회

목표 대상이 컨슘이라면 아이언 스킨 스킬을 부여한다."
BTNEvilIllidan.blp,standard,,H006 메르츠키엘 | A00R 배우자,"메르츠키엘 — 세컨드 프린스
배우자(Z)","[H006] 메르츠키엘 — 세컨드 프린스
모드: 왕자들의 내전

[A00R] 배우자(Z)
보유: 레인딜라 / 모드: 왕자들의 내전
쿨다운 - 40
사용 횟수 - 무한

목표 대상이 메르츠키엘일 경우 알아낸다."
BTNFaerieFire.blp,standard,,A039 돌격대의 결속,돌격대의 결속,"[A039] 돌격대의 결속
보유: 카즈로우, 세이로우 / 모드: 트롤 부족의 반란
패시브

카즈로우와 세이로우는 동맹 상태로 시작한다."
BTNForestTroll.blp,standard,,H011 사토시 | A03D 형제,"사토시 — 아이스 가드
형제(Z)","[H011] 사토시 — 아이스 가드
모드: 트롤 부족의 반란

[A03D] 형제(Z)
보유: 즈윈라 / 모드: 트롤 부족의 반란
쿨다운 - 40
사용 횟수 - 무한

목표 대상이 사토시일 경우 서로 동맹이 되며, 아군 확인 스킬을 획득한다."
BTNForestTrollTrapper.blp,standard,,H00G 타친,타친 — 트롤 치프틴,"[H00G] 타친 — 트롤 치프틴
모드: 태초의 전쟁"
BTNFurion.blp,standard,,H00F 뉴켈리어스,뉴켈리어스 — 엘더 드루이드,"[H00F] 뉴켈리어스 — 엘더 드루이드
모드: 태초의 전쟁"
BTNHeadHunterBerserker.blp,standard,,H017 데카,데카 — 트롤 버서커,"[H017] 데카 — 트롤 버서커
모드: 트롤 부족의 반란"
BTNHeadhunter.blp,standard,,H013 하치,하치 — 엘더 헤드헌터,"[H013] 하치 — 엘더 헤드헌터
모드: 트롤 부족의 반란"
BTNHealingWave.blp,standard,,A03J 홀리 바인딩,홀리 바인딩(X),"[A03J] 홀리 바인딩(X)
보유: 치스 / 모드: 트롤 부족의 반란
사용 횟수 - 1회

목표 대상이 데카일 경우 블러디 매드니스를 제거하며, 그 정체가 모든 사람에게 드러난다."
BTNHelmOfValor.blp,standard,,A02Y 종교 동맹 | A02Z 종교 동맹,"종교 동맹(C)
종교 동맹(X)","[A02Y] 종교 동맹(C)
보유: 카스파 / 모드: 리델루트 황야
사용 횟수 - 1회

진명을 내어야 사용할 수 있다. 1분 뒤 프레이아의 정체를 알아내지만 종교동맹 사실이 모든 플레이어에게 알려진다.

[A02Z] 종교 동맹(X)
보유: 프레이아 / 모드: 리델루트 황야
사용 횟수 - 1회

진명을 내어야 사용할 수 있다. 1분 뒤 프레이아의 정체를 알아내지만 종교동맹 사실이 모든 플레이어에게 알려진다."
BTNHeroDeathKnight.blp,standard,,H00I 엘타스,엘타스 — 블랙 나이트,"[H00I] 엘타스 — 블랙 나이트
모드: 태초의 전쟁"
BTNHeroDemonHunter.blp,standard,,H000 카이 | H00O 카이,"카이 — 프린스 오브 다크니스
카이 — 프린스 오브 다크니스","[H000] 카이 — 프린스 오브 다크니스
모드: 왕자들의 내전

[H00O] 카이 — 프린스 오브 다크니스
모드: 리델루트 황야"
BTNHeroDreadLord.blp,standard,,H00K 킬데르,킬데르 — 로열 뱀파이어,"[H00K] 킬데르 — 로열 뱀파이어
모드: 태초의 전쟁"
BTNHeroPaladin.blp,standard,,H00X 로네리스,로네리스 — 크루스닉,"[H00X] 로네리스 — 크루스닉
모드: 리델루트 황야"
BTNHeroTaurenChieftain.blp,standard,,H00H 쿠마린 | H00Z 카미카제,"쿠마린 — 타우리안 치프틴
카미카제 — 그레이트 워로드","[H00H] 쿠마린 — 타우리안 치프틴
모드: 태초의 전쟁

[H00Z] 카미카제 — 그레이트 워로드
모드: 리델루트 황야"
BTNHoldPosition.blp,standard,,A01R 연합 결성(타친) | A01S 연합 결성(쿠마린),"연합 결성(Z)
연합 결성(Z)","[A01R] 연합 결성(Z)
보유: 타친 / 모드: 태초의 전쟁
쿨다운 - 40
사용 횟수 - 무한

목표 대상이 쿠마린일 경우 알아낸다.

[A01S] 연합 결성(Z)
보유: 쿠마린 / 모드: 태초의 전쟁
쿨다운 - 40
사용 횟수 - 무한

목표 대상이 타친일 경우 알아낸다."
BTNHumanArmorUpThree.blp,standard,,A020 엘타스의 방패,엘타스의 방패,"[A020] 엘타스의 방패
보유: 엘타스 / 모드: 태초의 전쟁
패시브

엘타스는 3번 공격 당해야 사망한다."
BTNHumanArmorUpTwo.blp,standard,,S007 디펜드 | A03N 사령관 탐색,"디펜드 - [레벨 1]
사령관 탐색(F)","[S007] 디펜드 - [레벨 1]
보유: 수프라 / 모드: 리델루트 황야
패시브

기사도 스킬에 성공하거나 천사의 세례를 받았을 경우 레벨이 상승한다.

[A03N] 사령관 탐색(F)
보유: 카미카제 / 모드: 리델루트 황야
쿨다운 - 40
사용 횟수 - 무한

목표 대상이 샤이닝일 경우 알아낸다. 탐색에 성공했을 경우 상급 아군 확인 스킬을 획득한다."
BTNHumanCaptureFlag.blp,standard,,A01H 리더쉽 | A02F 상급 리더쉽,"리더쉽(Z)
상급 리더쉽(Z)","[A01H] 리더쉽(Z)
보유: 라엘 / 모드: 태초의 전쟁
사용 횟수 - 1회

원하는 아군 한명의 정체를 알아낼 수 있다. 이 스킬을 사용하려면 진명을 공표하고 있어야 한다. 게임시간으로 6분이 되면 상급 리더쉽으로 변경된다.

[A02F] 상급 리더쉽(Z)
보유: 라엘 / 모드: 태초의 전쟁
사용 횟수 - 1회

원하는 아군 한명의 정체를 알아낼 수 있다."
BTNHuntress.blp,standard,,H00B 소엔,소엔 — 드로우 어쌔신,"[H00B] 소엔 — 드로우 어쌔신
모드: 왕자들의 내전"
BTNIceTrollBeserker.blp,standard,,A03C 형제 | H012 즈윈라,"형제(Z)
즈윈라 — 아이스 워로드","[A03C] 형제(Z)
보유: 사토시 / 모드: 트롤 부족의 반란
쿨다운 - 40
사용 횟수 - 무한

목표 대상이 즈윈라일 경우 서로 동맹이 되며, 아군 확인 스킬을 획득한다.

[H012] 즈윈라 — 아이스 워로드
모드: 트롤 부족의 반란"
BTNIceTrollShaman.blp,standard,,H014 토크라,토크라 — 아이스 샤먼,"[H014] 토크라 — 아이스 샤먼
모드: 트롤 부족의 반란"
BTNImprovedUnholyStrength.blp,standard,,A01Y 레지스턴스,레지스턴스,"[A01Y] 레지스턴스
보유: 컨슘 / 모드: 태초의 전쟁
패시브

피닉스의 불꽃에 의해 사망하지 않는다."
BTNIncinerate.blp,standard,,A02I 냉정함,냉정함,"[A02I] 냉정함
보유: (획득형) / 모드: 왕자들의 내전
패시브

투마의 돌진으로부터 보호받는다."
BTNJaina.blp,standard,,H00Y 치즈코,치즈코 — 하프 엔젤릭,"[H00Y] 치즈코 — 하프 엔젤릭
모드: 리델루트 황야"
BTNLesserRejuvScroll.blp,standard,,A012 메모,메모 [$](R),"[A012] 메모 [$](R)
보유: (공통 $) / 모드: 공통
메모를 확인한다. 이 스크롤에 메모를 하기 위해선 '$ 할말' 을 타이핑 한다."
BTNLoad.blp,standard,,A004 동맹,동맹(E),"[A004] 동맹(E)
보유: 단테스, 메르츠키엘, 켈후, 프레이아, 소엔, 레인딜라, 세피, 카이, 아린, 투마, 크레이트, 카스파, 라엘, 케인, 에오릴, 뉴켈리어스, 타친, 쿠마린, 엘타스, 사신트, 킬데르, 드라칸, 허밀리, 컨슘, 샤이닝, 치즈코, 유이, 로네리스, 수프라, 카미카제, 치스, 사토시, 즈윈라, 하치, 토크라, 울디안, 울피안, 데카, 네오니스, 카'눌라, 카즈로우, 세이로우 / 모드: 왕자들의 내전, 태초의 전쟁, 리델루트 황야, 트롤 부족의 반란
쿨다운 - 5
사용 횟수 - 무한

대상에게 동맹상태를 선언한다. 상호 동맹이 되기 위해서는 상대방 역시 당신에게 이 명령을 사용해야만 한다. 당신은 보유한 동맹의 숫자만큼 매턴 10의 마나를 추가로 얻는다."
BTNManaBurn.blp,standard,,A00O 버닝 매직 | A03L 버닝 매직 | A03G 트롤 부족의 맹독,"버닝 매직(Z)
버닝 매직(Z)
트롤 부족의 맹독(Z)","[A00O] 버닝 매직(Z)
보유: 세피 / 모드: 왕자들의 내전
쿨다운 - 100
사용 횟수 - 무한

목표 대상의 마나를 70 감소시킨다.

[A03L] 버닝 매직(Z)
보유: 세피 / 모드: 리델루트 황야
쿨다운 - 60
사용 횟수 - 무한

목표 대상의 마나를 50 감소시킨다.

[A03G] 트롤 부족의 맹독(Z)
보유: 하치 / 모드: 트롤 부족의 반란
쿨다운 - 70
사용 횟수 - 무한

목표 대상의 마나를 30 감소시킨다."
BTNManaFlareOff.blp,standard,,A025 전체 채팅(공개),전체 채팅,"[A025] 전체 채팅
보유: 뉴켈리어스, 드라칸, 치스, 네오니스 / 모드: 태초의 전쟁, 트롤 부족의 반란
패시브
마나소비 - 25

'-전체 (내용)' 형태로 타이핑 할 시 자신의 정체를 숨기고 진명도 숨긴 채 모든 참가자에게 말할 수 있다. 이 기능은 한번 사용할 때마다 마나를 25 소모한다."
BTNMarkOfFire.blp,standard,,A01J 마스터의 권능(라엘) | A00N 마스터의 권능(킬데르),"마스터의 권능(X)
마스터의 권능(C)","[A01J] 마스터의 권능(X)
보유: 라엘 / 모드: 태초의 전쟁
사용 횟수 - 1회

목표 대상을 정체에 관계없이 살해한다.

[A00N] 마스터의 권능(C)
보유: 킬데르 / 모드: 태초의 전쟁
사용 횟수 - 1회

목표 대상을 정체에 관계없이 살해한다."
BTNMaskOfDeath.blp,standard,,A03K 블러디 매드니스,블러디 매드니스,"[A03K] 블러디 매드니스
보유: 데카 / 모드: 트롤 부족의 반란
패시브

공격받았을 때 25의 마나가 있으면 마나를 소모하여 생존할 수 있다."
BTNMassTeleport.blp,standard,,A031 매스 텔레포트 | A02V 상급 매스 텔레포트,"매스 텔레포트(V)
매스 텔레포트(V)","[A031] 매스 텔레포트(V)
보유: (획득형) / 모드: 리델루트 황야
사용 횟수 - 1회

자신의 정체를 드러내고 목표 대상을 즉시 살해한다.

[A02V] 매스 텔레포트(V)
보유: (획득형) / 모드: 리델루트 황야
사용 횟수 - 1회

자신의 정체를 드러내고 목표 대상을 즉시 살해한다."
BTNMetamorphosis.blp,standard,,H005 단테스 | A00A 마황자의 명령,"단테스 — 석세서 오브 다크니스
마황자의 명령(V)","[H005] 단테스 — 석세서 오브 다크니스
모드: 왕자들의 내전

[A00A] 마황자의 명령(V)
보유: 단테스 / 모드: 왕자들의 내전
사용 횟수 - 1회

목표 대상이 카이라면 살해한다. 

만약 카이가 아니라면 단테스가 살해당하며 이는 게임의 패배로 연결될 수 있다."
BTNNecromancer.blp,standard,,H00M 허밀리,허밀리 — 다크 프리스트,"[H00M] 허밀리 — 다크 프리스트
모드: 태초의 전쟁"
BTNNecromancerAdept.blp,standard,,A02T 외교,외교(C),"[A02T] 외교(C)
보유: 치즈코 / 모드: 리델루트 황야
사용 횟수 - 1회

목표 대상에게 즉시 자신의 정체를 드러낸다. 15초 후 목표 대상의 정체를 간파한다."
BTNNecromancerMaster.blp,standard,,A01E 사망자 확인,사망자 확인(A),"[A01E] 사망자 확인(A)
보유: (공통) / 모드: 공통
사망자들의 직업을 확인한다."
BTNOgreLord.blp,standard,,H00A 켈후,켈후 — 오우거 로드,"[H00A] 켈후 — 오우거 로드
모드: 왕자들의 내전"
BTNOrbOfLightning.blp,standard,,A01Q 차크라 매직,차크라 매직(Z),"[A01Q] 차크라 매직(Z)
보유: 뉴켈리어스 / 모드: 태초의 전쟁
사용 횟수 - 1회

목표 대상의 마나를 100 회복시킨다. 1분 뒤 뉴켈리어스의 정체가 드러난다."
BTNOrcCaptureFlag.blp,standard,,A021 리더쉽(엘타스) | A02G 상급 리더쉽(엘타스),"리더쉽(Z)
상급 리더쉽(Z)","[A021] 리더쉽(Z)
보유: 엘타스 / 모드: 태초의 전쟁
사용 횟수 - 1회

원하는 아군 한명의 정체를 알아낼 수 있다. 이 스킬을 사용하려면 진명을 공표하고 있어야 한다.

[A02G] 상급 리더쉽(Z)
보유: 엘타스 / 모드: 태초의 전쟁
사용 횟수 - 1회

원하는 아군 한명의 정체를 알아낼 수 있다. 이 스킬을 사용하려면 진명을 공표하고 있어야 한다. 게임시간으로 6분이 되면 상급 리더쉽으로 변경된다."
BTNPeriapt.blp,standard,,A00E 후계자,후계자,"[A00E] 후계자
보유: (획득형) / 모드: 왕자들의 내전
패시브

단테스가 사망하더라도 메르츠키엘이 살아있으면 패배하지 않는다."
BTNPhilosophersStone.blp,standard,,S006 블러디 하트,블러디 하트,"[S006] 블러디 하트
보유: 엘타스 / 모드: 태초의 전쟁
패시브

공격에 성공하면 마나를 30 획득한다."
BTNPriest.blp,standard,,H00D 라엘,라엘 — 엘프 히어로,"[H00D] 라엘 — 엘프 히어로
모드: 태초의 전쟁"
BTNRegenerate.blp,standard,,A01T 트롤 리제너레이션 | A03P 정령의 주술 | A010 트롤 리제너레이션,"트롤 리제너레이션
정령의 주술(C)
트롤 리제너레이션","[A01T] 트롤 리제너레이션
보유: 타친 / 모드: 태초의 전쟁
패시브

타친은 2번 공격 당해야 사망한다.

[A03P] 정령의 주술(C)
보유: 치스 / 모드: 트롤 부족의 반란
쿨다운 - 60
사용 횟수 - 무한

진명을 공표하고 있어야 사용할 수 있다. 목표 대상이 적이고, 진실의 보석이나 조각을 가지고 있지 않다면 즉시 정체를 알아낸다.

[A010] 트롤 리제너레이션
보유: 사토시, 즈윈라 / 모드: 트롤 부족의 반란
패시브

2번 공격 당해야 사망한다."
BTNRegeneration.blp,standard,,A01G 울프스 슬러쉬,울프스 슬러쉬(Z),"[A01G] 울프스 슬러쉬(Z)
보유: 케인 / 모드: 태초의 전쟁
사용 횟수 - 1회

목표 대상을 즉시 1회 공격한다. 사용하면 케인의 정체가 드러난다."
BTNReincarnation.blp,standard,,A029 최종 진화,최종 진화(F),"[A029] 최종 진화(F)
보유: 컨슘 / 모드: 태초의 전쟁
사용 횟수 - 1회

레지스턴스, 아이언 스킨, 상급 공격 스킬을 모두 가지고 있다면 진화한다. 학살 스킬을 획득한다."
BTNResurrection.blp,standard,,A02R 천사의 세례,천사의 세례(X),"[A02R] 천사의 세례(X)
보유: 치즈코 / 모드: 리델루트 황야
쿨다운 - 30
사용 횟수 - 무한

목표 대상이 기사이며(유이, 수프라, 로네리스) 누구인지 맞춘다면 그에게 특수한 스킬을 부여한다. 스킬 사용에 실패하면 이 스킬을 상실한다."
BTNReveal.blp,standard,,A009 아군 확인 | A008 적군 확인 | A03H 상급 적군 확인 | A02J 상급 아군 확인,"아군 확인(F)
적군 확인(F)
상급 적군 확인(F)
상급 아군 확인(F)","[A009] 아군 확인(F)
보유: 단테스, 레인딜라, 세피, 카이, 카스파, 라엘, 에오릴, 쿠마린, 엘타스, 킬데르, 울디안 / 모드: 왕자들의 내전, 태초의 전쟁, 리델루트 황야, 트롤 부족의 반란
쿨다운 - 45
사용 횟수 - 무한

목표 대상을 살핀다. 목표 대상이 공표한 이름과 정체가 일치하고 아군일 경우 알아낸다.

[A008] 적군 확인(F)
보유: 소엔, 드라칸, 아린, 울피안, 네오니스 / 모드: 왕자들의 내전, 태초의 전쟁, 리델루트 황야, 트롤 부족의 반란
쿨다운 - 60
사용 횟수 - 무한

목표 대상을 살핀다. 목표 대상이 공표한 이름과 정체가 일치하고 적군일 경우 알아낸다.

[A03H] 상급 적군 확인(F)
보유: 아린, 케인 / 모드: 왕자들의 내전, 태초의 전쟁
쿨다운 - 45
사용 횟수 - 무한

목표 대상을 살핀다. 목표 대상이 공표한 이름과 정체가 일치하고 적군일 경우 알아낸다.

[A02J] 상급 아군 확인(F)
보유: 사신트, 데카, 세이로우 / 모드: 태초의 전쟁, 트롤 부족의 반란
쿨다운 - 30
사용 횟수 - 무한

목표 대상을 살핀다. 목표 대상이 공표한 이름과 정체가 일치하고 아군일 경우 알아낸다."
BTNScourgeBuild.blp,standard,,A024 리비도의 보호,리비도의 보호(V),"[A024] 리비도의 보호(V)
보유: 허밀리 / 모드: 태초의 전쟁
사용 횟수 - 1회

목표 대상이 컨슘이라면 레지스턴스 스킬을 부여한다."
BTNScout.blp,standard,,A02H 조언 | A01P 여왕의 눈,"조언(C)
여왕의 눈","[A02H] 조언(C)
보유: 소엔 / 모드: 왕자들의 내전
사용 횟수 - 1회

목표 대상이 켈후라면 냉정함 스킬을 부여한다. 스킬 사용에 성공하면 소엔과 켈후는 서로 동맹 상태가 된다.

[A01P] 여왕의 눈
보유: 에오릴 / 모드: 태초의 전쟁
패시브

킬데르의 카사노바 스킬사용을 간파한다. 당신이 킬데르의 이름을 공표하면 카사노바의 대상이 되지 않는다. 만약 당신이 진명을 공표하면 킬데르가 카사노바를 사용했을 때 그의 정체를 알아낼 수 있다."
BTNScroll.blp,standard,,A038 기사단 창설 | A014 메모,"기사단 창설(X)
메모 [#](W)","[A038] 기사단 창설(X)
보유: 로네리스 / 모드: 리델루트 황야
사용 횟수 - 1회

목표 대상이 수프라라면 성공한다. 유이에 대한 합류에 성공하고 수프라에 대한 기사단 창설에 성공한다면 기사단의 심문 스킬을 획득한다.

[A014] 메모 [#](W)
보유: (공통 #) / 모드: 공통
메모를 확인한다. 이 스크롤에 메모를 하기 위해선 '# 할말' 을 타이핑 한다."
BTNScrollOfHealing.blp,standard,,A00C 후계자 임명 | A013 메모,"후계자 임명(Z)
메모 [@](W)","[A00C] 후계자 임명(Z)
보유: 단테스 / 모드: 왕자들의 내전
사용 횟수 - 1회

목표 대상이 메르츠키엘이라면 후계자 스킬을 부여한다.

[A013] 메모 [@](W)
보유: (공통 @) / 모드: 공통
메모를 확인한다. 이 스크롤에 메모를 하기 위해선 '@ 할말' 을 타이핑 한다."
BTNScrollOfProtection.blp,standard,,A011 메모,메모 [!](Q),"[A011] 메모 [!](Q)
보유: (공통 !) / 모드: 공통
메모를 확인한다. 이 스크롤에 메모를 하기 위해선 '! 할말' 을 타이핑 한다."
BTNShadowHunter.blp,standard,,H018 네오니스,네오니스 — 쉐도우 시프,"[H018] 네오니스 — 쉐도우 시프
모드: 트롤 부족의 반란"
BTNShadowMeld.blp,standard,,A00J 미명의 안개,미명의 안개(Z),"[A00J] 미명의 안개(Z)
보유: 프레이아 / 모드: 리델루트 황야
쿨다운 - 45

목표 대상이 적군 확인 혹은 배틀 센스 스킬의 대상이 되었을 경우 그 결과를 한 번 교란하며, 프레이아는 스킬을 사용한 영웅과 스킬의 종류를 알 수 있다."
BTNShimmerWeed.blp,standard,,A034 고대의 주술 | A03I 고대의 주술,"고대의 주술(Z)
고대의 주술(X)","[A034] 고대의 주술(Z)
보유: 카미카제 / 모드: 리델루트 황야
쿨다운 - 150
사용 횟수 - 무한

소유한 보석의 등급을 한단계 상승시킨다. 보석이 없을 경우 혹은 이미 완성된 보석이 있을 경우엔 스킬을 사용할 수 없다.

[A03I] 고대의 주술(X)
보유: 하치 / 모드: 트롤 부족의 반란
쿨다운 - 150
사용 횟수 - 무한

소유한 보석의 등급을 한단계 상승시킨다. 보석이 없을 경우 혹은 이미 완성된 보석이 있을 경우엔 스킬을 사용할 수 없다."
BTNSilence.blp,standard,,A00Y 교란 | A01K 플레임 쉐클,"교란(X)
플레임 쉐클(Z)","[A00Y] 교란(X)
보유: 세피 / 모드: 왕자들의 내전, 리델루트 황야
쿨다운 - 120
사용 횟수 - 무한

목표 대상을 45초 동안 행동 불능으로 만든다.

[A01K] 플레임 쉐클(Z)
보유: 에오릴 / 모드: 태초의 전쟁
쿨다운 - 120
사용 횟수 - 무한

목표 대상을 45초 동안 행동 불능 상태로 만든다."
BTNSkeletonMage.blp,standard,,H00L 드라칸,드라칸 — 블랙타워 위자드,"[H00L] 드라칸 — 블랙타워 위자드
모드: 태초의 전쟁"
BTNSlow.blp,standard,,A01V 포박의 주술,포박의 주술(X),"[A01V] 포박의 주술(X)
보유: 쿠마린 / 모드: 태초의 전쟁
사용 횟수 - 1회

목표 대상이 컨슘이라면 그가 소유한 레지스턴스 스킬을 제거한다."
BTNSorceress.blp,standard,,H00E 에오릴 | A00Q 카사노바,"에오릴 — 피닉스 퀸
카사노바(Z)","[H00E] 에오릴 — 피닉스 퀸
모드: 태초의 전쟁

[A00Q] 카사노바(Z)
보유: 킬데르 / 모드: 태초의 전쟁
쿨다운 - 60
사용 횟수 - 무한

목표 대상이 에오릴이라면 6초 후 알아낸다. 킬데르의 이름으로 공표한 대상에겐 사용할 수 없다. 만약 에오릴이 자신의 진명을 공표했다면 이 스킬을 사용했을 때 에오릴은 당신의 정체를 알아낼 수 있다."
BTNSorceressAdept.blp,standard,,A03A 기사도,기사도(Z),"[A03A] 기사도(Z)
보유: 유이, 로네리스, 수프라 / 모드: 리델루트 황야
쿨다운 - 35
사용 횟수 - 무한

자신이 진명을 내었다면 목표 대상이 기사(유이, 로네리스, 수프라)일 경우 알아낸다.

진명을 내지 않았다면 목표 대상이 진명을 낸 기사일 경우에 알아낸다."
BTNSoulBurn.blp,standard,,A02D 블랙 스펠,블랙 스펠(Z),"[A02D] 블랙 스펠(Z)
보유: 드라칸 / 모드: 태초의 전쟁
사용 횟수 - 1회

목표 대상은 마나를 50 잃고 100초 동안 행동 불능 상태가 된다."
BTNSpellBreaker.blp,standard,,H00V 유이,유이 — 디바인 나이트,"[H00V] 유이 — 디바인 나이트
모드: 리델루트 황야"
BTNSpy.blp,standard,,A01I 에오릴의 시험 | A01N 시련 | A03U 사냥꾼의 표식 | A03V 혼돈의 주술,"에오릴의 시험(X)
시련(X)
사냥꾼의 표식(A)
혼돈의 주술(C)","[A01I] 에오릴의 시험(X)
보유: 라엘 / 모드: 태초의 전쟁
사용 횟수 - 1회

목표 대상이 에오릴이라면 마스터의 권능 스킬을 획득한다.

[A01N] 시련(X)
보유: 에오릴 / 모드: 태초의 전쟁
사용 횟수 - 1회

목표 대상이 라엘이라면 시련을 부여한다. 라엘은 1분 뒤 에오릴의 시험 스킬을 획득한다. 라엘이 이 스킬을 당신에게 사용한다면 그는 마스터의 권능 스킬을 획득한다.

[A03U] 사냥꾼의 표식(A)
보유: 하치 / 모드: 트롤 부족의 반란
쿨다운 - 60
사용 횟수 - 무한

대상 적에게 사냥꾼의 표식을 새긴다. 대상 적의 정체를 선택하여 성공할 경우 모든 플레이어에게 그 정체를 알린다.

[A03V] 혼돈의 주술(C)
보유: 카'눌라 / 모드: 트롤 부족의 반란
쿨다운 - 70
사용 횟수 - 무한

진명을 공표하고 있을 때 사용할 수 있다. 대상이 아군이면 60초 후 대상의 정체를 알아낸다."
BTNStasisTrap.blp,standard,,A02P 혈족 | A02S 혈족,"혈족(Z)
혈족(Z)","[A02P] 혈족(Z)
보유: 샤이닝 / 모드: 리델루트 황야
쿨다운 - 40
사용 횟수 - 무한

목표 대상이 치즈코일 경우 알아낸다.

[A02S] 혈족(Z)
보유: 치즈코 / 모드: 리델루트 황야
쿨다운 - 40
사용 횟수 - 무한

목표 대상이 샤이닝일 경우 알아낸다."
BTNStun.blp,standard,,A030 왜곡,왜곡(V),"[A030] 왜곡(V)
보유: 세피 / 모드: 리델루트 황야
사용 횟수 - 1회

목표 대상이 소유한 진실의 보석 등급을 한단계 낮춘다."
BTNTheCaptain.blp,standard,,H00W 수프라,수프라 — 블러디 나이트,"[H00W] 수프라 — 블러디 나이트
모드: 리델루트 황야"
BTNThoriumMelee.blp,standard,,A02W 기사단의 심문,기사단의 심문(X),"[A02W] 기사단의 심문(X)
보유: (획득형) / 모드: 리델루트 황야
사용 횟수 - 1회

1분 뒤에 목표 대상의 정체를 알아낸다."
BTNUndeadShrine.blp,standard,,A006 신탁 | A02K 신탁,"신탁(Z)
신탁 (V)","[A006] 신탁(Z)
보유: (획득형) / 모드: 왕자들의 내전
쿨다운 - 90

목표 대상의 진실의 보석 소유 여부를 간파해낸다. 소유하고 있을 경우 보석의 등급을 파악할 수 있다.

[A02K] 신탁 (V)
보유: 카스파 / 모드: 리델루트 황야
사용 횟수 - 1회

목표 대상의 진실의 보석 소유 여부를 간파해낸다. 소유하고 있을 경우 보석의 등급을 파악할 수 있다."
BTNUnload.blp,standard,,A005 동맹 파기,동맹 파기(R),"[A005] 동맹 파기(R)
보유: 단테스, 메르츠키엘, 켈후, 프레이아, 소엔, 레인딜라, 세피, 카이, 아린, 투마, 크레이트, 카스파, 라엘, 케인, 에오릴, 뉴켈리어스, 타친, 쿠마린, 엘타스, 사신트, 킬데르, 드라칸, 허밀리, 컨슘, 샤이닝, 치즈코, 유이, 로네리스, 수프라, 카미카제, 치스, 사토시, 즈윈라, 하치, 토크라, 울디안, 울피안, 데카, 네오니스, 카'눌라, 카즈로우, 세이로우 / 모드: 왕자들의 내전, 태초의 전쟁, 리델루트 황야, 트롤 부족의 반란
쿨다운 - 5
사용 횟수 - 무한

대상과의 동맹을 파기시킨다."
BTNUnsummonBuilding.blp,standard,,A02C 시잉 오브 리비도,시잉 오브 리비도(Z),"[A02C] 시잉 오브 리비도(Z)
보유: 허밀리 / 모드: 태초의 전쟁
사용 횟수 - 1회

목표 대상에게 시잉 오브 리비도 버프를 부여한다. 대상은 35초 동안 무적 상태가 된다. 30초 후 그 대상에게 시잉 오브 리비도 버프가 남아있다면 목표 대상의 정체를 알아낼 수 있다."
BTNVampiricAura.blp,standard,,S004 뱀파이어릭,뱀파이어릭,"[S004] 뱀파이어릭
보유: 킬데르 / 모드: 태초의 전쟁
뱀파이어릭

적을 공격하여 살해하면 마나를 50 회복한다. 에오릴을 살해하면 마스터의 권능 스킬을 획득한다."
BTNWallOfFire.blp,standard,,A01O 피닉스의 불꽃,피닉스의 불꽃(C),"[A01O] 피닉스의 불꽃(C)
보유: 에오릴 / 모드: 태초의 전쟁
사용 횟수 - 1회

목표 대상이 컨슘이라면 살해한다. 그러나 컨슘이 레지스턴스 스킬을 가지고 있다면 실패한다."
BTNWarden2.blp,standard,,H009 프레이아 | A00F 리비도의 여사제 | H00T 프레이아,"프레이아 — 프리스티스 오브 그리드
리비도의 여사제(C)
프레이아 — 프리스티스 오브 그리드","[H009] 프레이아 — 프리스티스 오브 그리드
모드: 왕자들의 내전

[A00F] 리비도의 여사제(C)
보유: 레인딜라 / 모드: 왕자들의 내전
사용 횟수 - 1회

프레이아의 정체를 알아낸다. 이 스킬을 사용하려면 진명을 공표하고 있어야 한다.

[H00T] 프레이아 — 프리스티스 오브 그리드
모드: 리델루트 황야"
BTNWitchDoctor.blp,standard,,H010 치스 | A044 족장 탐색,"치스 — 트롤 치프틴
족장 탐색(V)","[H010] 치스 — 트롤 치프틴
모드: 트롤 부족의 반란

[A044] 족장 탐색(V)
보유: 즈윈라 / 모드: 트롤 부족의 반란
사용 횟수 - 1회

진명을 내어야 사용할 수 있다. 60초 뒤에 치스의 정체를 알아낼 수 있다."
PASBTNThickFur.blp,standard,,A01F 문 프로텍션,문 프로텍션,"[A01F] 문 프로텍션
보유: 케인 / 모드: 태초의 전쟁
패시브

케인은 2번 공격당해야 사망한다."
