mode,kind,key,name,title,code,icon,source,png,tooltip,description
civil_war,character,dantes,단테스,석세서 오브 다크니스,H005,ReplaceableTextures\CommandButtons\BTNMetamorphosis.blp,standard,standard/BTNMetamorphosis.png,단테스 — 석세서 오브 다크니스,
civil_war,skill,publish,공표,단테스,A000,ReplaceableTextures\CommandButtons\BTN_Common_Official.blp,custom,custom/BTN_Common_Official.png,공표(Q),"쿨다운 - 40
사용 횟수 - 무한

이름 하나를 선택하여 자신의 정체를 공표한다. 이 스킬을 사용 시 마나를 5 획득한다.

사용 후 6초 동안 이름을 선택하지 않으면 취소됩니다."
civil_war,skill,ally,동맹,단테스,A004,ReplaceableTextures\CommandButtons\BTNLoad.blp,standard,standard/BTNLoad.png,동맹(E),"쿨다운 - 5
사용 횟수 - 무한

대상에게 동맹상태를 선언한다. 상호 동맹이 되기 위해서는 상대방 역시 당신에게 이 명령을 사용해야만 한다. 당신은 보유한 동맹의 숫자만큼 매턴 10의 마나를 추가로 얻는다."
civil_war,skill,break_ally,동맹 파기,단테스,A005,ReplaceableTextures\CommandButtons\BTNUnload.blp,standard,standard/BTNUnload.png,동맹 파기(R),"쿨다운 - 5
사용 횟수 - 무한

대상과의 동맹을 파기시킨다."
civil_war,skill,ally_check,아군 확인,단테스,A009,ReplaceableTextures\CommandButtons\BTNReveal.blp,standard,standard/BTNReveal.png,아군 확인(F),"쿨다운 - 45
사용 횟수 - 무한

목표 대상을 살핀다. 목표 대상이 공표한 이름과 정체가 일치하고 아군일 경우 알아낸다."
civil_war,skill,attack,공격,단테스,A002,ReplaceableTextures\CommandButtons\BTN_Common_Attack.blp,custom,custom/BTN_Common_Attack.png,공격(A),"쿨다운 - 60
사용 횟수 - 무한

목표대상의 정체를 기입하여 일치할 경우 살해한다. 기입한 정체가 틀리거나 보디가드가 있는 대상을 공격할 경우 실패한다. 실패할 경우 공격을 시도한 영웅은 사망한다.

사용 후 6초 동안 이름을 선택하지 않으면 취소됩니다."
civil_war,skill,dantes_command,마황자의 명령,단테스,A00A,ReplaceableTextures\CommandButtons\BTNMetamorphosis.blp,standard,standard/BTNMetamorphosis.png,마황자의 명령(V),"사용 횟수 - 1회

목표 대상이 카이라면 살해한다. 

만약 카이가 아니라면 단테스가 살해당하며 이는 게임의 패배로 연결될 수 있다."
civil_war,skill,dantes_successor,후계자 임명,단테스,A00C,ReplaceableTextures\CommandButtons\BTNScrollOfHealing.blp,standard,standard/BTNScrollOfHealing.png,후계자 임명(Z),"사용 횟수 - 1회

목표 대상이 메르츠키엘이라면 후계자 스킬을 부여한다."
civil_war,skill,global_chat,전체 채팅(공개),단테스,A00D,ReplaceableTextures\CommandButtons\BTNDrum.blp,standard,standard/BTNDrum.png,전체 채팅,"패시브
마나소비 - 35

'-전체 (내용)' 형태로 타이핑 할 시 자신의 정체를 숨기고 진명을 통하여 모든 참가자에게 말할 수 있다. 이 기능은 한번 사용할 때마다 마나를 35 소모한다."
civil_war,character,mertz,메르츠키엘,세컨드 프린스,H006,ReplaceableTextures\CommandButtons\BTNEvilIllidan.blp,standard,standard/BTNEvilIllidan.png,메르츠키엘 — 세컨드 프린스,
civil_war,skill,publish,공표,메르츠키엘,A000,ReplaceableTextures\CommandButtons\BTN_Common_Official.blp,custom,custom/BTN_Common_Official.png,공표(Q),"쿨다운 - 40
사용 횟수 - 무한

이름 하나를 선택하여 자신의 정체를 공표한다. 이 스킬을 사용 시 마나를 5 획득한다.

사용 후 6초 동안 이름을 선택하지 않으면 취소됩니다."
civil_war,skill,ally,동맹,메르츠키엘,A004,ReplaceableTextures\CommandButtons\BTNLoad.blp,standard,standard/BTNLoad.png,동맹(E),"쿨다운 - 5
사용 횟수 - 무한

대상에게 동맹상태를 선언한다. 상호 동맹이 되기 위해서는 상대방 역시 당신에게 이 명령을 사용해야만 한다. 당신은 보유한 동맹의 숫자만큼 매턴 10의 마나를 추가로 얻는다."
civil_war,skill,break_ally,동맹 파기,메르츠키엘,A005,ReplaceableTextures\CommandButtons\BTNUnload.blp,standard,standard/BTNUnload.png,동맹 파기(R),"쿨다운 - 5
사용 횟수 - 무한

대상과의 동맹을 파기시킨다."
civil_war,skill,advanced_attack,상급 공격,메르츠키엘,A003,ReplaceableTextures\CommandButtons\BTN_Common_HighAttack.blp,custom,custom/BTN_Common_HighAttack.png,상급 공격(A),"쿨다운 - 60
사용 횟수 - 무한

목표대상의 정체를 기입하여 일치할 경우 살해한다. 기입한 정체가 틀리거나 보디가드가 있는 대상을 공격할 경우 실패한다. 2번 실패할 경우 공격을 시도한 영웅은 사망한다.

사용 후 6초 동안 이름을 선택하지 않으면 취소됩니다."
civil_war,skill,mertz_spouse,배우자,메르츠키엘,A01C,ReplaceableTextures\CommandButtons\BTNBanshee.blp,standard,standard/BTNBanshee.png,배우자(Z),"쿨다운 - 40
사용 횟수 - 무한

목표 대상이 레인딜라일 경우 알아낸다."
civil_war,skill,shadow_jail,쉐도우 자일,메르츠키엘,A00H,ReplaceableTextures\CommandButtons\BTN_Skill_ShadowJail.blp,custom,custom/BTN_Skill_ShadowJail.png,쉐도우 자일(X),"쿨다운 - 180
사용 횟수 - 무한

목표 대상을 45초 동안 무적상태 및 행동불능으로 만든다."
civil_war,character,kelhu,켈후,오우거 로드,H00A,ReplaceableTextures\CommandButtons\BTNOgreLord.blp,standard,standard/BTNOgreLord.png,켈후 — 오우거 로드,
civil_war,skill,publish,공표,켈후,A000,ReplaceableTextures\CommandButtons\BTN_Common_Official.blp,custom,custom/BTN_Common_Official.png,공표(Q),"쿨다운 - 40
사용 횟수 - 무한

이름 하나를 선택하여 자신의 정체를 공표한다. 이 스킬을 사용 시 마나를 5 획득한다.

사용 후 6초 동안 이름을 선택하지 않으면 취소됩니다."
civil_war,skill,ally,동맹,켈후,A004,ReplaceableTextures\CommandButtons\BTNLoad.blp,standard,standard/BTNLoad.png,동맹(E),"쿨다운 - 5
사용 횟수 - 무한

대상에게 동맹상태를 선언한다. 상호 동맹이 되기 위해서는 상대방 역시 당신에게 이 명령을 사용해야만 한다. 당신은 보유한 동맹의 숫자만큼 매턴 10의 마나를 추가로 얻는다."
civil_war,skill,break_ally,동맹 파기,켈후,A005,ReplaceableTextures\CommandButtons\BTNUnload.blp,standard,standard/BTNUnload.png,동맹 파기(R),"쿨다운 - 5
사용 횟수 - 무한

대상과의 동맹을 파기시킨다."
civil_war,skill,advanced_attack,상급 공격,켈후,A003,ReplaceableTextures\CommandButtons\BTN_Common_HighAttack.blp,custom,custom/BTN_Common_HighAttack.png,상급 공격(A),"쿨다운 - 60
사용 횟수 - 무한

목표대상의 정체를 기입하여 일치할 경우 살해한다. 기입한 정체가 틀리거나 보디가드가 있는 대상을 공격할 경우 실패한다. 2번 실패할 경우 공격을 시도한 영웅은 사망한다.

사용 후 6초 동안 이름을 선택하지 않으면 취소됩니다."
civil_war,skill,warrior_scent,전사의 후각,켈후,A019,ReplaceableTextures\CommandButtons\BTNBerserk.blp,standard,standard/BTNBerserk.png,전사의 후각(X),"쿨다운 - 180

목표 대상이 상급 전사(상급공격 및 최상급공격을 보유)여부를 알아낸다."
civil_war,skill,bodyguard_kelhu,보디가드,켈후,A00K,ReplaceableTextures\CommandButtons\BTN_Skill_PowerofGuts.blp,custom,custom/BTN_Skill_PowerofGuts.png,보디가드,"패시브

켈후가 살아있으면 단테스는 공격당하지 않는다."
civil_war,skill,kelhu_loyal,충복,켈후,A00L,ReplaceableTextures\CommandButtons\BTN_Skill_Faithful.blp,custom,custom/BTN_Skill_Faithful.png,충복(F),"쿨다운 - 40
사용 횟수 - 무한

목표 대상이 단테스일 경우 알아낸다."
civil_war,skill,hard_skin,하드스킨,켈후,S000,ReplaceableTextures\PassiveButtons\PASBTN_Skill_HardSkin.blp,custom,custom/PASBTN_Skill_HardSkin.png,하드스킨,"패시브

켈후는 3번 공격당해야 사망한다."
civil_war,character,freya,프레이아,프리스티스 오브 그리드,H009,ReplaceableTextures\CommandButtons\BTNWarden2.blp,standard,standard/BTNWarden2.png,프레이아 — 프리스티스 오브 그리드,
civil_war,skill,publish,공표,프레이아,A000,ReplaceableTextures\CommandButtons\BTN_Common_Official.blp,custom,custom/BTN_Common_Official.png,공표(Q),"쿨다운 - 40
사용 횟수 - 무한

이름 하나를 선택하여 자신의 정체를 공표한다. 이 스킬을 사용 시 마나를 5 획득한다.

사용 후 6초 동안 이름을 선택하지 않으면 취소됩니다."
civil_war,skill,ally,동맹,프레이아,A004,ReplaceableTextures\CommandButtons\BTNLoad.blp,standard,standard/BTNLoad.png,동맹(E),"쿨다운 - 5
사용 횟수 - 무한

대상에게 동맹상태를 선언한다. 상호 동맹이 되기 위해서는 상대방 역시 당신에게 이 명령을 사용해야만 한다. 당신은 보유한 동맹의 숫자만큼 매턴 10의 마나를 추가로 얻는다."
civil_war,skill,break_ally,동맹 파기,프레이아,A005,ReplaceableTextures\CommandButtons\BTNUnload.blp,standard,standard/BTNUnload.png,동맹 파기(R),"쿨다운 - 5
사용 횟수 - 무한

대상과의 동맹을 파기시킨다."
civil_war,skill,scan,스캔,프레이아,A016,ReplaceableTextures\CommandButtons\BTNCharm.blp,standard,standard/BTNCharm.png,스캔(D),"쿨다운 - 40
사용 횟수 - 무한

목표 대상을 살핀다. 대상의 정체를 기입하여 일치할 경우 알아낸다. 이 능력으로 카이나 단테스의 정체는 알아낼 수 없다."
civil_war,character,soen,소엔,드로우 어쌔신,H00B,ReplaceableTextures\CommandButtons\BTNHuntress.blp,standard,standard/BTNHuntress.png,소엔 — 드로우 어쌔신,
civil_war,skill,publish,공표,소엔,A000,ReplaceableTextures\CommandButtons\BTN_Common_Official.blp,custom,custom/BTN_Common_Official.png,공표(Q),"쿨다운 - 40
사용 횟수 - 무한

이름 하나를 선택하여 자신의 정체를 공표한다. 이 스킬을 사용 시 마나를 5 획득한다.

사용 후 6초 동안 이름을 선택하지 않으면 취소됩니다."
civil_war,skill,ally,동맹,소엔,A004,ReplaceableTextures\CommandButtons\BTNLoad.blp,standard,standard/BTNLoad.png,동맹(E),"쿨다운 - 5
사용 횟수 - 무한

대상에게 동맹상태를 선언한다. 상호 동맹이 되기 위해서는 상대방 역시 당신에게 이 명령을 사용해야만 한다. 당신은 보유한 동맹의 숫자만큼 매턴 10의 마나를 추가로 얻는다."
civil_war,skill,break_ally,동맹 파기,소엔,A005,ReplaceableTextures\CommandButtons\BTNUnload.blp,standard,standard/BTNUnload.png,동맹 파기(R),"쿨다운 - 5
사용 횟수 - 무한

대상과의 동맹을 파기시킨다."
civil_war,skill,enemy_check,적군 확인,소엔,A008,ReplaceableTextures\CommandButtons\BTNReveal.blp,standard,standard/BTNReveal.png,적군 확인(F),"쿨다운 - 60
사용 횟수 - 무한

목표 대상을 살핀다. 목표 대상이 공표한 이름과 정체가 일치하고 적군일 경우 알아낸다."
civil_war,skill,backstab,백스탭,소엔,A00M,ReplaceableTextures\CommandButtons\BTN_Skill_BackStep.blp,custom,custom/BTN_Skill_BackStep.png,백스탭(Z),"쿨다운 - 없음
사용 횟수 - 무한

목표 대상이 소엔에게 동맹 상태일 경우 살해한다. 스킬 사용에 성공하면 연쇄살인 스킬을 획득한다."
civil_war,skill,disguise,변장,소엔,S001,ReplaceableTextures\CommandButtons\BTNAvengingAssassin.tga,standard,standard/BTNAvengingAssassin.png,변장,"패시브

카이측의 이름으로 공표할 시 카이측의 '아군 확인' 및 '스캔' 스킬의 결과를 맞는 것으로 속일 수 있다."
civil_war,skill,advice,조언,소엔,A02H,ReplaceableTextures\CommandButtons\BTNScout.blp,standard,standard/BTNScout.png,조언(C),"사용 횟수 - 1회

목표 대상이 켈후라면 냉정함 스킬을 부여한다. 스킬 사용에 성공하면 소엔과 켈후는 서로 동맹 상태가 된다."
civil_war,character,reindila,레인딜라,소울 팔로어,H008,ReplaceableTextures\CommandButtons\BTNBanshee.blp,standard,standard/BTNBanshee.png,레인딜라 — 소울 팔로어,
civil_war,skill,publish,공표,레인딜라,A000,ReplaceableTextures\CommandButtons\BTN_Common_Official.blp,custom,custom/BTN_Common_Official.png,공표(Q),"쿨다운 - 40
사용 횟수 - 무한

이름 하나를 선택하여 자신의 정체를 공표한다. 이 스킬을 사용 시 마나를 5 획득한다.

사용 후 6초 동안 이름을 선택하지 않으면 취소됩니다."
civil_war,skill,ally,동맹,레인딜라,A004,ReplaceableTextures\CommandButtons\BTNLoad.blp,standard,standard/BTNLoad.png,동맹(E),"쿨다운 - 5
사용 횟수 - 무한

대상에게 동맹상태를 선언한다. 상호 동맹이 되기 위해서는 상대방 역시 당신에게 이 명령을 사용해야만 한다. 당신은 보유한 동맹의 숫자만큼 매턴 10의 마나를 추가로 얻는다."
civil_war,skill,break_ally,동맹 파기,레인딜라,A005,ReplaceableTextures\CommandButtons\BTNUnload.blp,standard,standard/BTNUnload.png,동맹 파기(R),"쿨다운 - 5
사용 횟수 - 무한

대상과의 동맹을 파기시킨다."
civil_war,skill,ally_check,아군 확인,레인딜라,A009,ReplaceableTextures\CommandButtons\BTNReveal.blp,standard,standard/BTNReveal.png,아군 확인(F),"쿨다운 - 45
사용 횟수 - 무한

목표 대상을 살핀다. 목표 대상이 공표한 이름과 정체가 일치하고 아군일 경우 알아낸다."
civil_war,skill,libido_priestess,리비도의 여사제,레인딜라,A00F,ReplaceableTextures\CommandButtons\BTNWarden2.blp,standard,standard/BTNWarden2.png,리비도의 여사제(C),"사용 횟수 - 1회

프레이아의 정체를 알아낸다. 이 스킬을 사용하려면 진명을 공표하고 있어야 한다."
civil_war,skill,reindila_spouse,배우자,레인딜라,A00R,ReplaceableTextures\CommandButtons\BTNEvilIllidan.blp,standard,standard/BTNEvilIllidan.png,배우자(Z),"쿨다운 - 40
사용 횟수 - 무한

목표 대상이 메르츠키엘일 경우 알아낸다."
civil_war,skill,soul_wall,영혼의 벽,레인딜라,A00U,ReplaceableTextures\CommandButtons\BTN_Skill_SoulWall.blp,custom,custom/BTN_Skill_SoulWall.png,영혼의 벽(V),"사용 횟수 - 1회

목표 대상은 소울 리버 스킬에 의해 살해당하지 않는다."
civil_war,skill,soul_recovery,영혼의 회복,레인딜라,A00S,ReplaceableTextures\CommandButtons\BTNBanish.blp,standard,standard/BTNBanish.png,영혼의 회복(X),"쿨다운 - 70
사용 횟수 - 무한

60초 동안 목표 대상은 공격에 실패하더라도 사망하지 않는다."
civil_war,character,sephy,세피,카오스 위치,H007,ReplaceableTextures\CommandButtons\BTNBlueDemoness.blp,standard,standard/BTNBlueDemoness.png,세피 — 카오스 위치,
civil_war,skill,publish,공표,세피,A000,ReplaceableTextures\CommandButtons\BTN_Common_Official.blp,custom,custom/BTN_Common_Official.png,공표(Q),"쿨다운 - 40
사용 횟수 - 무한

이름 하나를 선택하여 자신의 정체를 공표한다. 이 스킬을 사용 시 마나를 5 획득한다.

사용 후 6초 동안 이름을 선택하지 않으면 취소됩니다."
civil_war,skill,ally,동맹,세피,A004,ReplaceableTextures\CommandButtons\BTNLoad.blp,standard,standard/BTNLoad.png,동맹(E),"쿨다운 - 5
사용 횟수 - 무한

대상에게 동맹상태를 선언한다. 상호 동맹이 되기 위해서는 상대방 역시 당신에게 이 명령을 사용해야만 한다. 당신은 보유한 동맹의 숫자만큼 매턴 10의 마나를 추가로 얻는다."
civil_war,skill,break_ally,동맹 파기,세피,A005,ReplaceableTextures\CommandButtons\BTNUnload.blp,standard,standard/BTNUnload.png,동맹 파기(R),"쿨다운 - 5
사용 횟수 - 무한

대상과의 동맹을 파기시킨다."
civil_war,skill,ally_check,아군 확인,세피,A009,ReplaceableTextures\CommandButtons\BTNReveal.blp,standard,standard/BTNReveal.png,아군 확인(F),"쿨다운 - 45
사용 횟수 - 무한

목표 대상을 살핀다. 목표 대상이 공표한 이름과 정체가 일치하고 아군일 경우 알아낸다."
civil_war,skill,burning_magic,버닝 매직,세피,A00O,ReplaceableTextures\CommandButtons\BTNManaBurn.blp,standard,standard/BTNManaBurn.png,버닝 매직(Z),"쿨다운 - 100
사용 횟수 - 무한

목표 대상의 마나를 70 감소시킨다."
civil_war,skill,confusion,교란,세피,A00Y,ReplaceableTextures\CommandButtons\BTNSilence.blp,standard,standard/BTNSilence.png,교란(X),"쿨다운 - 120
사용 횟수 - 무한

목표 대상을 45초 동안 행동 불능으로 만든다."
civil_war,skill,curse,저주,세피,A007,ReplaceableTextures\CommandButtons\BTNDizzy.blp,standard,standard/BTNDizzy.png,저주(C),"쿨다운 - 200
사용 횟수 - 무한

목표 대상의 마나가 50 이하라면 그의 정체를 즉시 알아낸다. 이 스킬을 사용하려면 진명을 공표하고 있어야 한다."
civil_war,character,kai,카이,프린스 오브 다크니스,H000,ReplaceableTextures\CommandButtons\BTNHeroDemonHunter.blp,standard,standard/BTNHeroDemonHunter.png,카이 — 프린스 오브 다크니스,
civil_war,skill,publish,공표,카이,A000,ReplaceableTextures\CommandButtons\BTN_Common_Official.blp,custom,custom/BTN_Common_Official.png,공표(Q),"쿨다운 - 40
사용 횟수 - 무한

이름 하나를 선택하여 자신의 정체를 공표한다. 이 스킬을 사용 시 마나를 5 획득한다.

사용 후 6초 동안 이름을 선택하지 않으면 취소됩니다."
civil_war,skill,ally,동맹,카이,A004,ReplaceableTextures\CommandButtons\BTNLoad.blp,standard,standard/BTNLoad.png,동맹(E),"쿨다운 - 5
사용 횟수 - 무한

대상에게 동맹상태를 선언한다. 상호 동맹이 되기 위해서는 상대방 역시 당신에게 이 명령을 사용해야만 한다. 당신은 보유한 동맹의 숫자만큼 매턴 10의 마나를 추가로 얻는다."
civil_war,skill,break_ally,동맹 파기,카이,A005,ReplaceableTextures\CommandButtons\BTNUnload.blp,standard,standard/BTNUnload.png,동맹 파기(R),"쿨다운 - 5
사용 횟수 - 무한

대상과의 동맹을 파기시킨다."
civil_war,skill,advanced_attack,상급 공격,카이,A003,ReplaceableTextures\CommandButtons\BTN_Common_HighAttack.blp,custom,custom/BTN_Common_HighAttack.png,상급 공격(A),"쿨다운 - 60
사용 횟수 - 무한

목표대상의 정체를 기입하여 일치할 경우 살해한다. 기입한 정체가 틀리거나 보디가드가 있는 대상을 공격할 경우 실패한다. 2번 실패할 경우 공격을 시도한 영웅은 사망한다.

사용 후 6초 동안 이름을 선택하지 않으면 취소됩니다."
civil_war,skill,ally_check,아군 확인,카이,A009,ReplaceableTextures\CommandButtons\BTNReveal.blp,standard,standard/BTNReveal.png,아군 확인(F),"쿨다운 - 45
사용 횟수 - 무한

목표 대상을 살핀다. 목표 대상이 공표한 이름과 정체가 일치하고 아군일 경우 알아낸다."
civil_war,skill,soul_reaver,소울 리버,카이,A00B,ReplaceableTextures\CommandButtons\BTN_Skill_SoulReaver.blp,custom,custom/BTN_Skill_SoulReaver.png,소울 리버(V),"사용 횟수 - 1회

목표 대상을 정체에 관계없이 살해한다. 20초 후 카이의 정체가 드러나며 이는 게임의 패배로 연결될 수 있다."
civil_war,skill,global_chat,전체 채팅(공개),카이,A00D,ReplaceableTextures\CommandButtons\BTNDrum.blp,standard,standard/BTNDrum.png,전체 채팅,"패시브
마나소비 - 35

'-전체 (내용)' 형태로 타이핑 할 시 자신의 정체를 숨기고 진명을 통하여 모든 참가자에게 말할 수 있다. 이 기능은 한번 사용할 때마다 마나를 35 소모한다."
civil_war,character,arin,아린,다크 템플러,H002,ReplaceableTextures\CommandButtons\BTN_Hero_DarkTempler.blp,custom,custom/BTN_Hero_DarkTempler.png,아린 — 다크 템플러,
civil_war,skill,publish,공표,아린,A000,ReplaceableTextures\CommandButtons\BTN_Common_Official.blp,custom,custom/BTN_Common_Official.png,공표(Q),"쿨다운 - 40
사용 횟수 - 무한

이름 하나를 선택하여 자신의 정체를 공표한다. 이 스킬을 사용 시 마나를 5 획득한다.

사용 후 6초 동안 이름을 선택하지 않으면 취소됩니다."
civil_war,skill,ally,동맹,아린,A004,ReplaceableTextures\CommandButtons\BTNLoad.blp,standard,standard/BTNLoad.png,동맹(E),"쿨다운 - 5
사용 횟수 - 무한

대상에게 동맹상태를 선언한다. 상호 동맹이 되기 위해서는 상대방 역시 당신에게 이 명령을 사용해야만 한다. 당신은 보유한 동맹의 숫자만큼 매턴 10의 마나를 추가로 얻는다."
civil_war,skill,break_ally,동맹 파기,아린,A005,ReplaceableTextures\CommandButtons\BTNUnload.blp,standard,standard/BTNUnload.png,동맹 파기(R),"쿨다운 - 5
사용 횟수 - 무한

대상과의 동맹을 파기시킨다."
civil_war,skill,attack,공격,아린,A002,ReplaceableTextures\CommandButtons\BTN_Common_Attack.blp,custom,custom/BTN_Common_Attack.png,공격(A),"쿨다운 - 60
사용 횟수 - 무한

목표대상의 정체를 기입하여 일치할 경우 살해한다. 기입한 정체가 틀리거나 보디가드가 있는 대상을 공격할 경우 실패한다. 실패할 경우 공격을 시도한 영웅은 사망한다.

사용 후 6초 동안 이름을 선택하지 않으면 취소됩니다."
civil_war,skill,advanced_enemy_check,상급 적군 확인,아린,A03H,ReplaceableTextures\CommandButtons\BTNReveal.blp,standard,standard/BTNReveal.png,상급 적군 확인(F),"쿨다운 - 45
사용 횟수 - 무한

목표 대상을 살핀다. 목표 대상이 공표한 이름과 정체가 일치하고 적군일 경우 알아낸다."
civil_war,skill,rune_protection,룬 프로텍션,아린,A00W,ReplaceableTextures\CommandButtons\BTN_Skill_RuneofProtection.blp,custom,custom/BTN_Skill_RuneofProtection.png,룬 프로텍션(X),"쿨다운 - 60
사용 횟수 - 무한

목표 대상을 45초 동안 무적상태로 만든다."
civil_war,skill,bodyguard_arin,보디가드,아린,A00X,ReplaceableTextures\PassiveButtons\PASBTN_Skill_Bodyguard.blp,custom,custom/PASBTN_Skill_Bodyguard.png,보디가드,"패시브

아린이 살아있으면 카이는 공격당하지 않는다."
civil_war,skill,kai_loyal,충복,아린,A00V,ReplaceableTextures\CommandButtons\BTN_Skill_Faithful.blp,custom,custom/BTN_Skill_Faithful.png,충복(Z),"쿨다운 - 40
사용 횟수 - 무한

목표 대상이 카이일 경우 알아낸다."
civil_war,character,tuma,투마,플레임 블레이더,H001,ReplaceableTextures\CommandButtons\BTNChaosWolfRider.blp,standard,standard/BTNChaosWolfRider.png,투마 — 플레임 블레이더,
civil_war,skill,publish,공표,투마,A000,ReplaceableTextures\CommandButtons\BTN_Common_Official.blp,custom,custom/BTN_Common_Official.png,공표(Q),"쿨다운 - 40
사용 횟수 - 무한

이름 하나를 선택하여 자신의 정체를 공표한다. 이 스킬을 사용 시 마나를 5 획득한다.

사용 후 6초 동안 이름을 선택하지 않으면 취소됩니다."
civil_war,skill,ally,동맹,투마,A004,ReplaceableTextures\CommandButtons\BTNLoad.blp,standard,standard/BTNLoad.png,동맹(E),"쿨다운 - 5
사용 횟수 - 무한

대상에게 동맹상태를 선언한다. 상호 동맹이 되기 위해서는 상대방 역시 당신에게 이 명령을 사용해야만 한다. 당신은 보유한 동맹의 숫자만큼 매턴 10의 마나를 추가로 얻는다."
civil_war,skill,break_ally,동맹 파기,투마,A005,ReplaceableTextures\CommandButtons\BTNUnload.blp,standard,standard/BTNUnload.png,동맹 파기(R),"쿨다운 - 5
사용 횟수 - 무한

대상과의 동맹을 파기시킨다."
civil_war,skill,advanced_attack,상급 공격,투마,A003,ReplaceableTextures\CommandButtons\BTN_Common_HighAttack.blp,custom,custom/BTN_Common_HighAttack.png,상급 공격(A),"쿨다운 - 60
사용 횟수 - 무한

목표대상의 정체를 기입하여 일치할 경우 살해한다. 기입한 정체가 틀리거나 보디가드가 있는 대상을 공격할 경우 실패한다. 2번 실패할 경우 공격을 시도한 영웅은 사망한다.

사용 후 6초 동안 이름을 선택하지 않으면 취소됩니다."
civil_war,skill,valiant_charge,용맹한 돌진,투마,A00Z,ReplaceableTextures\CommandButtons\BTN_Skill_BeastFrenzy.blp,custom,custom/BTN_Skill_BeastFrenzy.png,용맹한 돌진(Z),"사용 횟수 - 1회

목표 대상이 켈후라면 살해한다. 켈후가 냉정함 스킬을 가지고 있다면 실패한다. 스킬 사용에 성공하면 카이와 서로 동맹이 된다."
civil_war,skill,flame_source,화염의 근원,투마,S002,ReplaceableTextures\PassiveButtons\PASBTN_Skill_OriginofFire.blp,custom,custom/PASBTN_Skill_OriginofFire.png,화염의 근원,"패시브

투마는 2번 공격당해야 사망한다."
civil_war,skill,warrior_scent,전사의 후각,투마,A019,ReplaceableTextures\CommandButtons\BTNBerserk.blp,standard,standard/BTNBerserk.png,전사의 후각(X),"쿨다운 - 180

목표 대상이 상급 전사(상급공격 및 최상급공격을 보유)여부를 알아낸다."
civil_war,character,krate,크레이트,둠 로드,H003,ReplaceableTextures\CommandButtons\BTN_Hero_DoomLord.blp,custom,custom/BTN_Hero_DoomLord.png,크레이트 — 둠 로드,
civil_war,skill,publish,공표,크레이트,A000,ReplaceableTextures\CommandButtons\BTN_Common_Official.blp,custom,custom/BTN_Common_Official.png,공표(Q),"쿨다운 - 40
사용 횟수 - 무한

이름 하나를 선택하여 자신의 정체를 공표한다. 이 스킬을 사용 시 마나를 5 획득한다.

사용 후 6초 동안 이름을 선택하지 않으면 취소됩니다."
civil_war,skill,ally,동맹,크레이트,A004,ReplaceableTextures\CommandButtons\BTNLoad.blp,standard,standard/BTNLoad.png,동맹(E),"쿨다운 - 5
사용 횟수 - 무한

대상에게 동맹상태를 선언한다. 상호 동맹이 되기 위해서는 상대방 역시 당신에게 이 명령을 사용해야만 한다. 당신은 보유한 동맹의 숫자만큼 매턴 10의 마나를 추가로 얻는다."
civil_war,skill,break_ally,동맹 파기,크레이트,A005,ReplaceableTextures\CommandButtons\BTNUnload.blp,standard,standard/BTNUnload.png,동맹 파기(R),"쿨다운 - 5
사용 횟수 - 무한

대상과의 동맹을 파기시킨다."
civil_war,skill,advanced_scan,상급 스캔,크레이트,A017,ReplaceableTextures\CommandButtons\BTNCharm.blp,standard,standard/BTNCharm.png,상급 스캔(D),"쿨다운 - 30
사용 횟수 - 무한

목표 대상을 살핀다. 대상의 정체를 기입하여 일치할 경우 알아낸다. 이 능력으로 카이나 단테스의 정체는 알아낼 수 없다."
civil_war,skill,nightmare,나이트메어,크레이트,A00P,ReplaceableTextures\CommandButtons\BTN_Skill_Nightmare.blp,custom,custom/BTN_Skill_Nightmare.png,나이트메어(Z),"쿨다운 - 120
사용 횟수 - 무한

목표 대상을 45초 동안 행동 불능으로 만든다."
civil_war,character,kaspa,카스파,다크 샤먼,H004,ReplaceableTextures\CommandButtons\BTN_Hero_DarkShaman.blp,custom,custom/BTN_Hero_DarkShaman.png,카스파 — 다크 샤먼,
civil_war,skill,publish,공표,카스파,A000,ReplaceableTextures\CommandButtons\BTN_Common_Official.blp,custom,custom/BTN_Common_Official.png,공표(Q),"쿨다운 - 40
사용 횟수 - 무한

이름 하나를 선택하여 자신의 정체를 공표한다. 이 스킬을 사용 시 마나를 5 획득한다.

사용 후 6초 동안 이름을 선택하지 않으면 취소됩니다."
civil_war,skill,ally,동맹,카스파,A004,ReplaceableTextures\CommandButtons\BTNLoad.blp,standard,standard/BTNLoad.png,동맹(E),"쿨다운 - 5
사용 횟수 - 무한

대상에게 동맹상태를 선언한다. 상호 동맹이 되기 위해서는 상대방 역시 당신에게 이 명령을 사용해야만 한다. 당신은 보유한 동맹의 숫자만큼 매턴 10의 마나를 추가로 얻는다."
civil_war,skill,break_ally,동맹 파기,카스파,A005,ReplaceableTextures\CommandButtons\BTNUnload.blp,standard,standard/BTNUnload.png,동맹 파기(R),"쿨다운 - 5
사용 횟수 - 무한

대상과의 동맹을 파기시킨다."
civil_war,skill,attack,공격,카스파,A002,ReplaceableTextures\CommandButtons\BTN_Common_Attack.blp,custom,custom/BTN_Common_Attack.png,공격(A),"쿨다운 - 60
사용 횟수 - 무한

목표대상의 정체를 기입하여 일치할 경우 살해한다. 기입한 정체가 틀리거나 보디가드가 있는 대상을 공격할 경우 실패한다. 실패할 경우 공격을 시도한 영웅은 사망한다.

사용 후 6초 동안 이름을 선택하지 않으면 취소됩니다."
civil_war,skill,ally_check,아군 확인,카스파,A009,ReplaceableTextures\CommandButtons\BTNReveal.blp,standard,standard/BTNReveal.png,아군 확인(F),"쿨다운 - 45
사용 횟수 - 무한

목표 대상을 살핀다. 목표 대상이 공표한 이름과 정체가 일치하고 아군일 경우 알아낸다."
civil_war,skill,kai_loyal,충복,카스파,A00V,ReplaceableTextures\CommandButtons\BTN_Skill_Faithful.blp,custom,custom/BTN_Skill_Faithful.png,충복(Z),"쿨다운 - 40
사용 횟수 - 무한

목표 대상이 카이일 경우 알아낸다."
civil_war,skill,essence_absorb,정기 흡수,카스파,S003,ReplaceableTextures\CommandButtons\BTNDeathPact.blp,standard,standard/BTNDeathPact.png,정기 흡수,"패시브

적을 공격하여 살해하면 마나를 50 회복한다."
civil_war,skill,successor,후계자,(획득형),A00E,ReplaceableTextures\CommandButtons\BTNPeriapt.blp,standard,standard/BTNPeriapt.png,후계자,"패시브

단테스가 사망하더라도 메르츠키엘이 살아있으면 패배하지 않는다."
civil_war,skill,calmness,냉정함,(획득형),A02I,ReplaceableTextures\CommandButtons\BTNIncinerate.blp,standard,standard/BTNIncinerate.png,냉정함,"패시브

투마의 돌진으로부터 보호받는다."
civil_war,skill,soen_chain_murder,연쇄살인,(획득형),A01D,ReplaceableTextures\CommandButtons\BTN_Skill_ChainMurder.blp,custom,custom/BTN_Skill_ChainMurder.png,연쇄살인(V),"쿨다운 - 10

목표 대상의 정체를 기입하여 일치할 경우 살해한다. 기입한 정체가 틀리거나 보디가드가 있는 대상을 공격할 경우 실패하여 스킬이 사라진다."
civil_war,skill,oracle,신탁,(획득형),A006,ReplaceableTextures\CommandButtons\BTNUndeadShrine.blp,standard,standard/BTNUndeadShrine.png,신탁(Z),"쿨다운 - 90

목표 대상의 진실의 보석 소유 여부를 간파해낸다. 소유하고 있을 경우 보석의 등급을 파악할 수 있다."
civil_war,skill,shadow_eye,그림자의 눈,(획득형),A018,ReplaceableTextures\CommandButtons\BTN_Skill_SoulWall.blp,custom,custom/BTN_Skill_SoulWall.png,그림자의 눈 (X),"사용 횟수 - 1회

진실의 조각이나 보석을 가진 상태에서 이 스킬을 사용하면 대상의 정체를 알 수 있다. 진실의 조각이나 보석은 등급에 관계없이 사라진다."
primordial,character,rael,라엘,엘프 히어로,H00D,ReplaceableTextures\CommandButtons\BTNPriest.blp,standard,standard/BTNPriest.png,라엘 — 엘프 히어로,
primordial,skill,publish,공표,라엘,A000,ReplaceableTextures\CommandButtons\BTN_Common_Official.blp,custom,custom/BTN_Common_Official.png,공표(Q),"쿨다운 - 40
사용 횟수 - 무한

이름 하나를 선택하여 자신의 정체를 공표한다. 이 스킬을 사용 시 마나를 5 획득한다.

사용 후 6초 동안 이름을 선택하지 않으면 취소됩니다."
primordial,skill,ally,동맹,라엘,A004,ReplaceableTextures\CommandButtons\BTNLoad.blp,standard,standard/BTNLoad.png,동맹(E),"쿨다운 - 5
사용 횟수 - 무한

대상에게 동맹상태를 선언한다. 상호 동맹이 되기 위해서는 상대방 역시 당신에게 이 명령을 사용해야만 한다. 당신은 보유한 동맹의 숫자만큼 매턴 10의 마나를 추가로 얻는다."
primordial,skill,break_ally,동맹 파기,라엘,A005,ReplaceableTextures\CommandButtons\BTNUnload.blp,standard,standard/BTNUnload.png,동맹 파기(R),"쿨다운 - 5
사용 횟수 - 무한

대상과의 동맹을 파기시킨다."
primordial,skill,attack,공격,라엘,A002,ReplaceableTextures\CommandButtons\BTN_Common_Attack.blp,custom,custom/BTN_Common_Attack.png,공격(A),"쿨다운 - 60
사용 횟수 - 무한

목표대상의 정체를 기입하여 일치할 경우 살해한다. 기입한 정체가 틀리거나 보디가드가 있는 대상을 공격할 경우 실패한다. 실패할 경우 공격을 시도한 영웅은 사망한다.

사용 후 6초 동안 이름을 선택하지 않으면 취소됩니다."
primordial,skill,ally_check,아군 확인,라엘,A009,ReplaceableTextures\CommandButtons\BTNReveal.blp,standard,standard/BTNReveal.png,아군 확인(F),"쿨다운 - 45
사용 횟수 - 무한

목표 대상을 살핀다. 목표 대상이 공표한 이름과 정체가 일치하고 아군일 경우 알아낸다."
primordial,skill,rael_leadership,리더쉽,라엘,A01H,ReplaceableTextures\CommandButtons\BTNHumanCaptureFlag.blp,standard,standard/BTNHumanCaptureFlag.png,리더쉽(Z),"사용 횟수 - 1회

원하는 아군 한명의 정체를 알아낼 수 있다. 이 스킬을 사용하려면 진명을 공표하고 있어야 한다. 게임시간으로 6분이 되면 상급 리더쉽으로 변경된다."
primordial,skill,rael_adv_leadership,상급 리더쉽,라엘,A02F,ReplaceableTextures\CommandButtons\BTNHumanCaptureFlag.blp,standard,standard/BTNHumanCaptureFlag.png,상급 리더쉽(Z),"사용 횟수 - 1회

원하는 아군 한명의 정체를 알아낼 수 있다."
primordial,skill,rael_eoril_test,에오릴의 시험,라엘,A01I,ReplaceableTextures\CommandButtons\BTNSpy.blp,standard,standard/BTNSpy.png,에오릴의 시험(X),"사용 횟수 - 1회

목표 대상이 에오릴이라면 마스터의 권능 스킬을 획득한다."
primordial,skill,rael_master_power,마스터의 권능(라엘),라엘,A01J,ReplaceableTextures\CommandButtons\BTNMarkOfFire.blp,standard,standard/BTNMarkOfFire.png,마스터의 권능(X),"사용 횟수 - 1회

목표 대상을 정체에 관계없이 살해한다."
primordial,character,kane,케인,문 울프,H00C,ReplaceableTextures\CommandButtons\BTN_Hero_MoonWolf.blp,custom,custom/BTN_Hero_MoonWolf.png,케인 — 문 울프,
primordial,skill,publish,공표,케인,A000,ReplaceableTextures\CommandButtons\BTN_Common_Official.blp,custom,custom/BTN_Common_Official.png,공표(Q),"쿨다운 - 40
사용 횟수 - 무한

이름 하나를 선택하여 자신의 정체를 공표한다. 이 스킬을 사용 시 마나를 5 획득한다.

사용 후 6초 동안 이름을 선택하지 않으면 취소됩니다."
primordial,skill,ally,동맹,케인,A004,ReplaceableTextures\CommandButtons\BTNLoad.blp,standard,standard/BTNLoad.png,동맹(E),"쿨다운 - 5
사용 횟수 - 무한

대상에게 동맹상태를 선언한다. 상호 동맹이 되기 위해서는 상대방 역시 당신에게 이 명령을 사용해야만 한다. 당신은 보유한 동맹의 숫자만큼 매턴 10의 마나를 추가로 얻는다."
primordial,skill,break_ally,동맹 파기,케인,A005,ReplaceableTextures\CommandButtons\BTNUnload.blp,standard,standard/BTNUnload.png,동맹 파기(R),"쿨다운 - 5
사용 횟수 - 무한

대상과의 동맹을 파기시킨다."
primordial,skill,attack,공격,케인,A002,ReplaceableTextures\CommandButtons\BTN_Common_Attack.blp,custom,custom/BTN_Common_Attack.png,공격(A),"쿨다운 - 60
사용 횟수 - 무한

목표대상의 정체를 기입하여 일치할 경우 살해한다. 기입한 정체가 틀리거나 보디가드가 있는 대상을 공격할 경우 실패한다. 실패할 경우 공격을 시도한 영웅은 사망한다.

사용 후 6초 동안 이름을 선택하지 않으면 취소됩니다."
primordial,skill,advanced_enemy_check,상급 적군 확인,케인,A03H,ReplaceableTextures\CommandButtons\BTNReveal.blp,standard,standard/BTNReveal.png,상급 적군 확인(F),"쿨다운 - 45
사용 횟수 - 무한

목표 대상을 살핀다. 목표 대상이 공표한 이름과 정체가 일치하고 적군일 경우 알아낸다."
primordial,skill,kane_wolfs_slash,울프스 슬러쉬,케인,A01G,ReplaceableTextures\CommandButtons\BTNRegeneration.blp,standard,standard/BTNRegeneration.png,울프스 슬러쉬(Z),"사용 횟수 - 1회

목표 대상을 즉시 1회 공격한다. 사용하면 케인의 정체가 드러난다."
primordial,skill,kane_moon_protection,문 프로텍션,케인,A01F,ReplaceableTextures\PassiveButtons\PASBTNThickFur.blp,standard,standard/PASBTNThickFur.png,문 프로텍션,"패시브

케인은 2번 공격당해야 사망한다."
primordial,character,eoril,에오릴,피닉스 퀸,H00E,ReplaceableTextures\CommandButtons\BTNSorceress.blp,standard,standard/BTNSorceress.png,에오릴 — 피닉스 퀸,
primordial,skill,publish,공표,에오릴,A000,ReplaceableTextures\CommandButtons\BTN_Common_Official.blp,custom,custom/BTN_Common_Official.png,공표(Q),"쿨다운 - 40
사용 횟수 - 무한

이름 하나를 선택하여 자신의 정체를 공표한다. 이 스킬을 사용 시 마나를 5 획득한다.

사용 후 6초 동안 이름을 선택하지 않으면 취소됩니다."
primordial,skill,ally,동맹,에오릴,A004,ReplaceableTextures\CommandButtons\BTNLoad.blp,standard,standard/BTNLoad.png,동맹(E),"쿨다운 - 5
사용 횟수 - 무한

대상에게 동맹상태를 선언한다. 상호 동맹이 되기 위해서는 상대방 역시 당신에게 이 명령을 사용해야만 한다. 당신은 보유한 동맹의 숫자만큼 매턴 10의 마나를 추가로 얻는다."
primordial,skill,break_ally,동맹 파기,에오릴,A005,ReplaceableTextures\CommandButtons\BTNUnload.blp,standard,standard/BTNUnload.png,동맹 파기(R),"쿨다운 - 5
사용 횟수 - 무한

대상과의 동맹을 파기시킨다."
primordial,skill,ally_check,아군 확인,에오릴,A009,ReplaceableTextures\CommandButtons\BTNReveal.blp,standard,standard/BTNReveal.png,아군 확인(F),"쿨다운 - 45
사용 횟수 - 무한

목표 대상을 살핀다. 목표 대상이 공표한 이름과 정체가 일치하고 아군일 경우 알아낸다."
primordial,skill,eoril_flame_shackle,플레임 쉐클,에오릴,A01K,ReplaceableTextures\CommandButtons\BTNSilence.blp,standard,standard/BTNSilence.png,플레임 쉐클(Z),"쿨다운 - 120
사용 횟수 - 무한

목표 대상을 45초 동안 행동 불능 상태로 만든다."
primordial,skill,eoril_trial,시련,에오릴,A01N,ReplaceableTextures\CommandButtons\BTNSpy.blp,standard,standard/BTNSpy.png,시련(X),"사용 횟수 - 1회

목표 대상이 라엘이라면 시련을 부여한다. 라엘은 1분 뒤 에오릴의 시험 스킬을 획득한다. 라엘이 이 스킬을 당신에게 사용한다면 그는 마스터의 권능 스킬을 획득한다."
primordial,skill,eoril_phoenix_flame,피닉스의 불꽃,에오릴,A01O,ReplaceableTextures\CommandButtons\BTNWallOfFire.blp,standard,standard/BTNWallOfFire.png,피닉스의 불꽃(C),"사용 횟수 - 1회

목표 대상이 컨슘이라면 살해한다. 그러나 컨슘이 레지스턴스 스킬을 가지고 있다면 실패한다."
primordial,skill,eoril_queens_eye,여왕의 눈,에오릴,A01P,ReplaceableTextures\CommandButtons\BTNScout.blp,standard,standard/BTNScout.png,여왕의 눈,"패시브

킬데르의 카사노바 스킬사용을 간파한다. 당신이 킬데르의 이름을 공표하면 카사노바의 대상이 되지 않는다. 만약 당신이 진명을 공표하면 킬데르가 카사노바를 사용했을 때 그의 정체를 알아낼 수 있다."
primordial,character,nukelius,뉴켈리어스,엘더 드루이드,H00F,ReplaceableTextures\CommandButtons\BTNFurion.blp,standard,standard/BTNFurion.png,뉴켈리어스 — 엘더 드루이드,
primordial,skill,publish,공표,뉴켈리어스,A000,ReplaceableTextures\CommandButtons\BTN_Common_Official.blp,custom,custom/BTN_Common_Official.png,공표(Q),"쿨다운 - 40
사용 횟수 - 무한

이름 하나를 선택하여 자신의 정체를 공표한다. 이 스킬을 사용 시 마나를 5 획득한다.

사용 후 6초 동안 이름을 선택하지 않으면 취소됩니다."
primordial,skill,ally,동맹,뉴켈리어스,A004,ReplaceableTextures\CommandButtons\BTNLoad.blp,standard,standard/BTNLoad.png,동맹(E),"쿨다운 - 5
사용 횟수 - 무한

대상에게 동맹상태를 선언한다. 상호 동맹이 되기 위해서는 상대방 역시 당신에게 이 명령을 사용해야만 한다. 당신은 보유한 동맹의 숫자만큼 매턴 10의 마나를 추가로 얻는다."
primordial,skill,break_ally,동맹 파기,뉴켈리어스,A005,ReplaceableTextures\CommandButtons\BTNUnload.blp,standard,standard/BTNUnload.png,동맹 파기(R),"쿨다운 - 5
사용 횟수 - 무한

대상과의 동맹을 파기시킨다."
primordial,skill,scan,스캔,뉴켈리어스,A01L,ReplaceableTextures\CommandButtons\BTNCharm.blp,standard,standard/BTNCharm.png,스캔(D),"쿨다운 - 40
사용 횟수 - 무한

목표 대상을 살핀다. 대상의 정체를 기입하여 일치할 경우 알아낸다. 이 능력으로 엘타스나 라엘의 정체는 알아낼 수 없다."
primordial,skill,nukelius_chakra_magic,차크라 매직,뉴켈리어스,A01Q,ReplaceableTextures\CommandButtons\BTNOrbOfLightning.blp,standard,standard/BTNOrbOfLightning.png,차크라 매직(Z),"사용 횟수 - 1회

목표 대상의 마나를 100 회복시킨다. 1분 뒤 뉴켈리어스의 정체가 드러난다."
primordial,skill,global_chat,전체 채팅(공개),뉴켈리어스,A025,ReplaceableTextures\CommandButtons\BTNManaFlareOff.blp,standard,standard/BTNManaFlareOff.png,전체 채팅,"패시브
마나소비 - 25

'-전체 (내용)' 형태로 타이핑 할 시 자신의 정체를 숨기고 진명도 숨긴 채 모든 참가자에게 말할 수 있다. 이 기능은 한번 사용할 때마다 마나를 25 소모한다."
primordial,character,tachin,타친,트롤 치프틴,H00G,ReplaceableTextures\CommandButtons\BTNForestTrollTrapper.blp,standard,standard/BTNForestTrollTrapper.png,타친 — 트롤 치프틴,
primordial,skill,publish,공표,타친,A000,ReplaceableTextures\CommandButtons\BTN_Common_Official.blp,custom,custom/BTN_Common_Official.png,공표(Q),"쿨다운 - 40
사용 횟수 - 무한

이름 하나를 선택하여 자신의 정체를 공표한다. 이 스킬을 사용 시 마나를 5 획득한다.

사용 후 6초 동안 이름을 선택하지 않으면 취소됩니다."
primordial,skill,ally,동맹,타친,A004,ReplaceableTextures\CommandButtons\BTNLoad.blp,standard,standard/BTNLoad.png,동맹(E),"쿨다운 - 5
사용 횟수 - 무한

대상에게 동맹상태를 선언한다. 상호 동맹이 되기 위해서는 상대방 역시 당신에게 이 명령을 사용해야만 한다. 당신은 보유한 동맹의 숫자만큼 매턴 10의 마나를 추가로 얻는다."
primordial,skill,break_ally,동맹 파기,타친,A005,ReplaceableTextures\CommandButtons\BTNUnload.blp,standard,standard/BTNUnload.png,동맹 파기(R),"쿨다운 - 5
사용 횟수 - 무한

대상과의 동맹을 파기시킨다."
primordial,skill,advanced_attack,상급 공격,타친,A003,ReplaceableTextures\CommandButtons\BTN_Common_HighAttack.blp,custom,custom/BTN_Common_HighAttack.png,상급 공격(A),"쿨다운 - 60
사용 횟수 - 무한

목표대상의 정체를 기입하여 일치할 경우 살해한다. 기입한 정체가 틀리거나 보디가드가 있는 대상을 공격할 경우 실패한다. 2번 실패할 경우 공격을 시도한 영웅은 사망한다.

사용 후 6초 동안 이름을 선택하지 않으면 취소됩니다."
primordial,skill,tachin_union,연합 결성(타친),타친,A01R,ReplaceableTextures\CommandButtons\BTNHoldPosition.blp,standard,standard/BTNHoldPosition.png,연합 결성(Z),"쿨다운 - 40
사용 횟수 - 무한

목표 대상이 쿠마린일 경우 알아낸다."
primordial,skill,tachin_neutralize,중화의 주술,타친,A01U,ReplaceableTextures\CommandButtons\BTNAbsorbMagic.blp,standard,standard/BTNAbsorbMagic.png,중화의 주술(X),"사용 횟수 - 1회

목표 대상에게 걸려있는 버프를 제거한다."
primordial,skill,tachin_troll_regen,트롤 리제너레이션,타친,A01T,ReplaceableTextures\CommandButtons\BTNRegenerate.blp,standard,standard/BTNRegenerate.png,트롤 리제너레이션,"패시브

타친은 2번 공격 당해야 사망한다."
primordial,character,kumarin,쿠마린,타우리안 치프틴,H00H,ReplaceableTextures\CommandButtons\BTNHeroTaurenChieftain.blp,standard,standard/BTNHeroTaurenChieftain.png,쿠마린 — 타우리안 치프틴,
primordial,skill,publish,공표,쿠마린,A000,ReplaceableTextures\CommandButtons\BTN_Common_Official.blp,custom,custom/BTN_Common_Official.png,공표(Q),"쿨다운 - 40
사용 횟수 - 무한

이름 하나를 선택하여 자신의 정체를 공표한다. 이 스킬을 사용 시 마나를 5 획득한다.

사용 후 6초 동안 이름을 선택하지 않으면 취소됩니다."
primordial,skill,ally,동맹,쿠마린,A004,ReplaceableTextures\CommandButtons\BTNLoad.blp,standard,standard/BTNLoad.png,동맹(E),"쿨다운 - 5
사용 횟수 - 무한

대상에게 동맹상태를 선언한다. 상호 동맹이 되기 위해서는 상대방 역시 당신에게 이 명령을 사용해야만 한다. 당신은 보유한 동맹의 숫자만큼 매턴 10의 마나를 추가로 얻는다."
primordial,skill,break_ally,동맹 파기,쿠마린,A005,ReplaceableTextures\CommandButtons\BTNUnload.blp,standard,standard/BTNUnload.png,동맹 파기(R),"쿨다운 - 5
사용 횟수 - 무한

대상과의 동맹을 파기시킨다."
primordial,skill,attack,공격,쿠마린,A002,ReplaceableTextures\CommandButtons\BTN_Common_Attack.blp,custom,custom/BTN_Common_Attack.png,공격(A),"쿨다운 - 60
사용 횟수 - 무한

목표대상의 정체를 기입하여 일치할 경우 살해한다. 기입한 정체가 틀리거나 보디가드가 있는 대상을 공격할 경우 실패한다. 실패할 경우 공격을 시도한 영웅은 사망한다.

사용 후 6초 동안 이름을 선택하지 않으면 취소됩니다."
primordial,skill,ally_check,아군 확인,쿠마린,A009,ReplaceableTextures\CommandButtons\BTNReveal.blp,standard,standard/BTNReveal.png,아군 확인(F),"쿨다운 - 45
사용 횟수 - 무한

목표 대상을 살핀다. 목표 대상이 공표한 이름과 정체가 일치하고 아군일 경우 알아낸다."
primordial,skill,kumarin_union,연합 결성(쿠마린),쿠마린,A01S,ReplaceableTextures\CommandButtons\BTNHoldPosition.blp,standard,standard/BTNHoldPosition.png,연합 결성(Z),"쿨다운 - 40
사용 횟수 - 무한

목표 대상이 타친일 경우 알아낸다."
primordial,skill,kumarin_binding,포박의 주술,쿠마린,A01V,ReplaceableTextures\CommandButtons\BTNSlow.blp,standard,standard/BTNSlow.png,포박의 주술(X),"사용 횟수 - 1회

목표 대상이 컨슘이라면 그가 소유한 레지스턴스 스킬을 제거한다."
primordial,skill,kumarin_commander_guard,지휘관 보호,쿠마린,A01W,ReplaceableTextures\CommandButtons\BTNDefendStop.blp,standard,standard/BTNDefendStop.png,지휘관 보호(C),"사용 횟수 - 1회

목표 대상이 라엘이라면 그의 보디가드가 된다."
primordial,skill,kumarin_bodyguard,보디가드(쿠마린),쿠마린,A01X,ReplaceableTextures\CommandButtons\BTNDefend.blp,standard,standard/BTNDefend.png,보디가드,"패시브

쿠마린이 살아있으면 라엘은 2번을 더 공격당해야 사망한다."
primordial,character,eltas,엘타스,블랙 나이트,H00I,ReplaceableTextures\CommandButtons\BTNHeroDeathKnight.blp,standard,standard/BTNHeroDeathKnight.png,엘타스 — 블랙 나이트,
primordial,skill,publish,공표,엘타스,A000,ReplaceableTextures\CommandButtons\BTN_Common_Official.blp,custom,custom/BTN_Common_Official.png,공표(Q),"쿨다운 - 40
사용 횟수 - 무한

이름 하나를 선택하여 자신의 정체를 공표한다. 이 스킬을 사용 시 마나를 5 획득한다.

사용 후 6초 동안 이름을 선택하지 않으면 취소됩니다."
primordial,skill,ally,동맹,엘타스,A004,ReplaceableTextures\CommandButtons\BTNLoad.blp,standard,standard/BTNLoad.png,동맹(E),"쿨다운 - 5
사용 횟수 - 무한

대상에게 동맹상태를 선언한다. 상호 동맹이 되기 위해서는 상대방 역시 당신에게 이 명령을 사용해야만 한다. 당신은 보유한 동맹의 숫자만큼 매턴 10의 마나를 추가로 얻는다."
primordial,skill,break_ally,동맹 파기,엘타스,A005,ReplaceableTextures\CommandButtons\BTNUnload.blp,standard,standard/BTNUnload.png,동맹 파기(R),"쿨다운 - 5
사용 횟수 - 무한

대상과의 동맹을 파기시킨다."
primordial,skill,supreme_attack,최상급 공격,엘타스,A01Z,ReplaceableTextures\CommandButtons\BTN_Common_HighAttack.blp,custom,custom/BTN_Common_HighAttack.png,최상급 공격(A),"쿨다운 - 60
사용 횟수 - 무한

목표대상의 정체를 기입하여 일치할 경우 살해한다. 기입한 정체가 틀리거나 보디가드가 있는 대상을 공격할 경우 실패한다. 

사용 후 6초 동안 이름을 선택하지 않으면 취소됩니다."
primordial,skill,ally_check,아군 확인,엘타스,A009,ReplaceableTextures\CommandButtons\BTNReveal.blp,standard,standard/BTNReveal.png,아군 확인(F),"쿨다운 - 45
사용 횟수 - 무한

목표 대상을 살핀다. 목표 대상이 공표한 이름과 정체가 일치하고 아군일 경우 알아낸다."
primordial,skill,eltas_leadership,리더쉽(엘타스),엘타스,A021,ReplaceableTextures\CommandButtons\BTNOrcCaptureFlag.blp,standard,standard/BTNOrcCaptureFlag.png,리더쉽(Z),"사용 횟수 - 1회

원하는 아군 한명의 정체를 알아낼 수 있다. 이 스킬을 사용하려면 진명을 공표하고 있어야 한다."
primordial,skill,eltas_adv_leadership,상급 리더쉽(엘타스),엘타스,A02G,ReplaceableTextures\CommandButtons\BTNOrcCaptureFlag.blp,standard,standard/BTNOrcCaptureFlag.png,상급 리더쉽(Z),"사용 횟수 - 1회

원하는 아군 한명의 정체를 알아낼 수 있다. 이 스킬을 사용하려면 진명을 공표하고 있어야 한다. 게임시간으로 6분이 되면 상급 리더쉽으로 변경된다."
primordial,skill,eltas_bloody_heart,블러디 하트,엘타스,S006,ReplaceableTextures\CommandButtons\BTNPhilosophersStone.blp,standard,standard/BTNPhilosophersStone.png,블러디 하트,"패시브

공격에 성공하면 마나를 30 획득한다."
primordial,skill,eltas_shield,엘타스의 방패,엘타스,A020,ReplaceableTextures\CommandButtons\BTNHumanArmorUpThree.blp,standard,standard/BTNHumanArmorUpThree.png,엘타스의 방패,"패시브

엘타스는 3번 공격 당해야 사망한다."
primordial,character,sasint,사신트,오버로드,H00J,ReplaceableTextures\CommandButtons\BTNChaosWarlord.blp,standard,standard/BTNChaosWarlord.png,사신트 — 오버로드,
primordial,skill,publish,공표,사신트,A000,ReplaceableTextures\CommandButtons\BTN_Common_Official.blp,custom,custom/BTN_Common_Official.png,공표(Q),"쿨다운 - 40
사용 횟수 - 무한

이름 하나를 선택하여 자신의 정체를 공표한다. 이 스킬을 사용 시 마나를 5 획득한다.

사용 후 6초 동안 이름을 선택하지 않으면 취소됩니다."
primordial,skill,ally,동맹,사신트,A004,ReplaceableTextures\CommandButtons\BTNLoad.blp,standard,standard/BTNLoad.png,동맹(E),"쿨다운 - 5
사용 횟수 - 무한

대상에게 동맹상태를 선언한다. 상호 동맹이 되기 위해서는 상대방 역시 당신에게 이 명령을 사용해야만 한다. 당신은 보유한 동맹의 숫자만큼 매턴 10의 마나를 추가로 얻는다."
primordial,skill,break_ally,동맹 파기,사신트,A005,ReplaceableTextures\CommandButtons\BTNUnload.blp,standard,standard/BTNUnload.png,동맹 파기(R),"쿨다운 - 5
사용 횟수 - 무한

대상과의 동맹을 파기시킨다."
primordial,skill,attack,공격,사신트,A002,ReplaceableTextures\CommandButtons\BTN_Common_Attack.blp,custom,custom/BTN_Common_Attack.png,공격(A),"쿨다운 - 60
사용 횟수 - 무한

목표대상의 정체를 기입하여 일치할 경우 살해한다. 기입한 정체가 틀리거나 보디가드가 있는 대상을 공격할 경우 실패한다. 실패할 경우 공격을 시도한 영웅은 사망한다.

사용 후 6초 동안 이름을 선택하지 않으면 취소됩니다."
primordial,skill,advanced_ally_check,상급 아군 확인,사신트,A02J,ReplaceableTextures\CommandButtons\BTNReveal.blp,standard,standard/BTNReveal.png,상급 아군 확인(F),"쿨다운 - 30
사용 횟수 - 무한

목표 대상을 살핀다. 목표 대상이 공표한 이름과 정체가 일치하고 아군일 경우 알아낸다."
primordial,skill,sasint_support,지원,사신트,A00G,ReplaceableTextures\CommandButtons\BTNDarkSummoning.blp,standard,standard/BTNDarkSummoning.png,지원(Z),"쿨다운 - 90
사용 횟수 - 무한

목표 대상의 마나를 30 증가시킨다. 스스로에게는 사용할 수 없다."
primordial,skill,sasint_training,트레이닝,사신트,A00I,ReplaceableTextures\CommandButtons\BTNEnchantedBears.blp,standard,standard/BTNEnchantedBears.png,트레이닝(X),"사용 횟수 - 1회

목표 대상이 컨슘이라면 상급 공격 스킬을 부여한다."
primordial,skill,sasint_battle_mastery,배틀 마스터리,사신트,A02E,ReplaceableTextures\CommandButtons\BTNArcaniteMelee.blp,standard,standard/BTNArcaniteMelee.png,배틀 마스터리(C),"사용 횟수 - 1회

지원 스킬을 잃고, 상급 공격 스킬을 획득한다."
primordial,character,kilder,킬데르,로열 뱀파이어,H00K,ReplaceableTextures\CommandButtons\BTNHeroDreadLord.blp,standard,standard/BTNHeroDreadLord.png,킬데르 — 로열 뱀파이어,
primordial,skill,publish,공표,킬데르,A000,ReplaceableTextures\CommandButtons\BTN_Common_Official.blp,custom,custom/BTN_Common_Official.png,공표(Q),"쿨다운 - 40
사용 횟수 - 무한

이름 하나를 선택하여 자신의 정체를 공표한다. 이 스킬을 사용 시 마나를 5 획득한다.

사용 후 6초 동안 이름을 선택하지 않으면 취소됩니다."
primordial,skill,ally,동맹,킬데르,A004,ReplaceableTextures\CommandButtons\BTNLoad.blp,standard,standard/BTNLoad.png,동맹(E),"쿨다운 - 5
사용 횟수 - 무한

대상에게 동맹상태를 선언한다. 상호 동맹이 되기 위해서는 상대방 역시 당신에게 이 명령을 사용해야만 한다. 당신은 보유한 동맹의 숫자만큼 매턴 10의 마나를 추가로 얻는다."
primordial,skill,break_ally,동맹 파기,킬데르,A005,ReplaceableTextures\CommandButtons\BTNUnload.blp,standard,standard/BTNUnload.png,동맹 파기(R),"쿨다운 - 5
사용 횟수 - 무한

대상과의 동맹을 파기시킨다."
primordial,skill,attack,공격,킬데르,A002,ReplaceableTextures\CommandButtons\BTN_Common_Attack.blp,custom,custom/BTN_Common_Attack.png,공격(A),"쿨다운 - 60
사용 횟수 - 무한

목표대상의 정체를 기입하여 일치할 경우 살해한다. 기입한 정체가 틀리거나 보디가드가 있는 대상을 공격할 경우 실패한다. 실패할 경우 공격을 시도한 영웅은 사망한다.

사용 후 6초 동안 이름을 선택하지 않으면 취소됩니다."
primordial,skill,ally_check,아군 확인,킬데르,A009,ReplaceableTextures\CommandButtons\BTNReveal.blp,standard,standard/BTNReveal.png,아군 확인(F),"쿨다운 - 45
사용 횟수 - 무한

목표 대상을 살핀다. 목표 대상이 공표한 이름과 정체가 일치하고 아군일 경우 알아낸다."
primordial,skill,kilder_vampiric,뱀파이어릭,킬데르,S004,ReplaceableTextures\CommandButtons\BTNVampiricAura.blp,standard,standard/BTNVampiricAura.png,뱀파이어릭,"뱀파이어릭

적을 공격하여 살해하면 마나를 50 회복한다. 에오릴을 살해하면 마스터의 권능 스킬을 획득한다."
primordial,skill,kilder_casanova,카사노바,킬데르,A00Q,ReplaceableTextures\CommandButtons\BTNSorceress.blp,standard,standard/BTNSorceress.png,카사노바(Z),"쿨다운 - 60
사용 횟수 - 무한

목표 대상이 에오릴이라면 6초 후 알아낸다. 킬데르의 이름으로 공표한 대상에겐 사용할 수 없다. 만약 에오릴이 자신의 진명을 공표했다면 이 스킬을 사용했을 때 에오릴은 당신의 정체를 알아낼 수 있다."
primordial,skill,kilder_master_power,마스터의 권능(킬데르),킬데르,A00N,ReplaceableTextures\CommandButtons\BTNMarkOfFire.blp,standard,standard/BTNMarkOfFire.png,마스터의 권능(C),"사용 횟수 - 1회

목표 대상을 정체에 관계없이 살해한다."
primordial,character,drakan,드라칸,블랙타워 위자드,H00L,ReplaceableTextures\CommandButtons\BTNSkeletonMage.blp,standard,standard/BTNSkeletonMage.png,드라칸 — 블랙타워 위자드,
primordial,skill,publish,공표,드라칸,A000,ReplaceableTextures\CommandButtons\BTN_Common_Official.blp,custom,custom/BTN_Common_Official.png,공표(Q),"쿨다운 - 40
사용 횟수 - 무한

이름 하나를 선택하여 자신의 정체를 공표한다. 이 스킬을 사용 시 마나를 5 획득한다.

사용 후 6초 동안 이름을 선택하지 않으면 취소됩니다."
primordial,skill,ally,동맹,드라칸,A004,ReplaceableTextures\CommandButtons\BTNLoad.blp,standard,standard/BTNLoad.png,동맹(E),"쿨다운 - 5
사용 횟수 - 무한

대상에게 동맹상태를 선언한다. 상호 동맹이 되기 위해서는 상대방 역시 당신에게 이 명령을 사용해야만 한다. 당신은 보유한 동맹의 숫자만큼 매턴 10의 마나를 추가로 얻는다."
primordial,skill,break_ally,동맹 파기,드라칸,A005,ReplaceableTextures\CommandButtons\BTNUnload.blp,standard,standard/BTNUnload.png,동맹 파기(R),"쿨다운 - 5
사용 횟수 - 무한

대상과의 동맹을 파기시킨다."
primordial,skill,enemy_check,적군 확인,드라칸,A008,ReplaceableTextures\CommandButtons\BTNReveal.blp,standard,standard/BTNReveal.png,적군 확인(F),"쿨다운 - 60
사용 횟수 - 무한

목표 대상을 살핀다. 목표 대상이 공표한 이름과 정체가 일치하고 적군일 경우 알아낸다."
primordial,skill,drakan_black_spell,블랙 스펠,드라칸,A02D,ReplaceableTextures\CommandButtons\BTNSoulBurn.blp,standard,standard/BTNSoulBurn.png,블랙 스펠(Z),"사용 횟수 - 1회

목표 대상은 마나를 50 잃고 100초 동안 행동 불능 상태가 된다."
primordial,skill,drakan_enchant_muscle,인챈트먼트 머슬,드라칸,A026,ReplaceableTextures\CommandButtons\BTNEnchantedBears.blp,standard,standard/BTNEnchantedBears.png,인챈트먼트 머슬(C),"사용 횟수 - 1회

목표 대상이 컨슘이라면 아이언 스킨 스킬을 부여한다."
primordial,skill,global_chat,전체 채팅(공개),드라칸,A025,ReplaceableTextures\CommandButtons\BTNManaFlareOff.blp,standard,standard/BTNManaFlareOff.png,전체 채팅,"패시브
마나소비 - 25

'-전체 (내용)' 형태로 타이핑 할 시 자신의 정체를 숨기고 진명도 숨긴 채 모든 참가자에게 말할 수 있다. 이 기능은 한번 사용할 때마다 마나를 25 소모한다."
primordial,character,hermilly,허밀리,다크 프리스트,H00M,ReplaceableTextures\CommandButtons\BTNNecromancer.blp,standard,standard/BTNNecromancer.png,허밀리 — 다크 프리스트,
primordial,skill,publish,공표,허밀리,A000,ReplaceableTextures\CommandButtons\BTN_Common_Official.blp,custom,custom/BTN_Common_Official.png,공표(Q),"쿨다운 - 40
사용 횟수 - 무한

이름 하나를 선택하여 자신의 정체를 공표한다. 이 스킬을 사용 시 마나를 5 획득한다.

사용 후 6초 동안 이름을 선택하지 않으면 취소됩니다."
primordial,skill,ally,동맹,허밀리,A004,ReplaceableTextures\CommandButtons\BTNLoad.blp,standard,standard/BTNLoad.png,동맹(E),"쿨다운 - 5
사용 횟수 - 무한

대상에게 동맹상태를 선언한다. 상호 동맹이 되기 위해서는 상대방 역시 당신에게 이 명령을 사용해야만 한다. 당신은 보유한 동맹의 숫자만큼 매턴 10의 마나를 추가로 얻는다."
primordial,skill,break_ally,동맹 파기,허밀리,A005,ReplaceableTextures\CommandButtons\BTNUnload.blp,standard,standard/BTNUnload.png,동맹 파기(R),"쿨다운 - 5
사용 횟수 - 무한

대상과의 동맹을 파기시킨다."
primordial,skill,scan,스캔,허밀리,A01L,ReplaceableTextures\CommandButtons\BTNCharm.blp,standard,standard/BTNCharm.png,스캔(D),"쿨다운 - 40
사용 횟수 - 무한

목표 대상을 살핀다. 대상의 정체를 기입하여 일치할 경우 알아낸다. 이 능력으로 엘타스나 라엘의 정체는 알아낼 수 없다."
primordial,skill,hermilly_seeing_libido,시잉 오브 리비도,허밀리,A02C,ReplaceableTextures\CommandButtons\BTNUnsummonBuilding.blp,standard,standard/BTNUnsummonBuilding.png,시잉 오브 리비도(Z),"사용 횟수 - 1회

목표 대상에게 시잉 오브 리비도 버프를 부여한다. 대상은 35초 동안 무적 상태가 된다. 30초 후 그 대상에게 시잉 오브 리비도 버프가 남아있다면 목표 대상의 정체를 알아낼 수 있다."
primordial,skill,hermilly_libido_protection,리비도의 보호,허밀리,A024,ReplaceableTextures\CommandButtons\BTNScourgeBuild.blp,standard,standard/BTNScourgeBuild.png,리비도의 보호(V),"사용 횟수 - 1회

목표 대상이 컨슘이라면 레지스턴스 스킬을 부여한다."
primordial,character,consume,컨슘,미트 골렘,H00N,ReplaceableTextures\CommandButtons\BTNAbomination.blp,standard,standard/BTNAbomination.png,컨슘 — 미트 골렘,
primordial,skill,publish,공표,컨슘,A000,ReplaceableTextures\CommandButtons\BTN_Common_Official.blp,custom,custom/BTN_Common_Official.png,공표(Q),"쿨다운 - 40
사용 횟수 - 무한

이름 하나를 선택하여 자신의 정체를 공표한다. 이 스킬을 사용 시 마나를 5 획득한다.

사용 후 6초 동안 이름을 선택하지 않으면 취소됩니다."
primordial,skill,ally,동맹,컨슘,A004,ReplaceableTextures\CommandButtons\BTNLoad.blp,standard,standard/BTNLoad.png,동맹(E),"쿨다운 - 5
사용 횟수 - 무한

대상에게 동맹상태를 선언한다. 상호 동맹이 되기 위해서는 상대방 역시 당신에게 이 명령을 사용해야만 한다. 당신은 보유한 동맹의 숫자만큼 매턴 10의 마나를 추가로 얻는다."
primordial,skill,break_ally,동맹 파기,컨슘,A005,ReplaceableTextures\CommandButtons\BTNUnload.blp,standard,standard/BTNUnload.png,동맹 파기(R),"쿨다운 - 5
사용 횟수 - 무한

대상과의 동맹을 파기시킨다."
primordial,skill,attack,공격,컨슘,A002,ReplaceableTextures\CommandButtons\BTN_Common_Attack.blp,custom,custom/BTN_Common_Attack.png,공격(A),"쿨다운 - 60
사용 횟수 - 무한

목표대상의 정체를 기입하여 일치할 경우 살해한다. 기입한 정체가 틀리거나 보디가드가 있는 대상을 공격할 경우 실패한다. 실패할 경우 공격을 시도한 영웅은 사망한다.

사용 후 6초 동안 이름을 선택하지 않으면 취소됩니다."
primordial,skill,consume_slave_instinct,노예 본능,컨슘,A02B,ReplaceableTextures\CommandButtons\BTNAbomination.blp,standard,standard/BTNAbomination.png,노예 본능(Z),"쿨다운 - 40
사용 횟수 - 무한

목표 대상이 엘타스일 경우 알아낸다."
primordial,skill,consume_master_guard,주인 보호,컨슘,A027,ReplaceableTextures\CommandButtons\BTNDefendStop.blp,standard,standard/BTNDefendStop.png,주인 보호(X),"사용 횟수 - 1회

목표 대상이 엘타스라면 그의 보디가드가 된다."
primordial,skill,consume_final_evolution,최종 진화,컨슘,A029,ReplaceableTextures\CommandButtons\BTNReincarnation.blp,standard,standard/BTNReincarnation.png,최종 진화(F),"사용 횟수 - 1회

레지스턴스, 아이언 스킨, 상급 공격 스킬을 모두 가지고 있다면 진화한다. 학살 스킬을 획득한다."
primordial,skill,consume_bodyguard,보디가드(컨슘),컨슘,S005,ReplaceableTextures\CommandButtons\BTNDefend.blp,standard,standard/BTNDefend.png,보디가드,"패시브

컨슘이 살아있으면 엘타스는 2번을 더 공격당해야 사망한다."
primordial,skill,consume_resistance,레지스턴스,컨슘,A01Y,ReplaceableTextures\CommandButtons\BTNImprovedUnholyStrength.blp,standard,standard/BTNImprovedUnholyStrength.png,레지스턴스,"패시브

피닉스의 불꽃에 의해 사망하지 않는다."
primordial,skill,consume_iron_skin,아이언 스킨,컨슘,A028,ReplaceableTextures\CommandButtons\BTNAdvancedCreatureCarapace.blp,standard,standard/BTNAdvancedCreatureCarapace.png,아이언 스킨,"패시브

컨슘은 3번 공격당해야 사망한다."
primordial,skill,consume_slaughter,학살,컨슘,A02A,ReplaceableTextures\CommandButtons\BTNDevour.blp,standard,standard/BTNDevour.png,학살(F),"쿨다운 - 30
사용 횟수 - 무한

목표 대상을 정체에 관계없이 살해한다."
lidellut,character,kai,카이,프린스 오브 다크니스,H00O,ReplaceableTextures\CommandButtons\BTNHeroDemonHunter.blp,standard,standard/BTNHeroDemonHunter.png,카이 — 프린스 오브 다크니스,
lidellut,skill,advanced_attack,상급 공격,카이,A003,ReplaceableTextures\CommandButtons\BTN_Common_HighAttack.blp,custom,custom/BTN_Common_HighAttack.png,상급 공격(A),"쿨다운 - 60
사용 횟수 - 무한

목표대상의 정체를 기입하여 일치할 경우 살해한다. 기입한 정체가 틀리거나 보디가드가 있는 대상을 공격할 경우 실패한다. 2번 실패할 경우 공격을 시도한 영웅은 사망한다.

사용 후 6초 동안 이름을 선택하지 않으면 취소됩니다."
lidellut,skill,ally_check,아군 확인,카이,A009,ReplaceableTextures\CommandButtons\BTNReveal.blp,standard,standard/BTNReveal.png,아군 확인(F),"쿨다운 - 45
사용 횟수 - 무한

목표 대상을 살핀다. 목표 대상이 공표한 이름과 정체가 일치하고 아군일 경우 알아낸다."
lidellut,skill,global_chat,전체 채팅(공개),카이,A00D,ReplaceableTextures\CommandButtons\BTNDrum.blp,standard,standard/BTNDrum.png,전체 채팅,"패시브
마나소비 - 35

'-전체 (내용)' 형태로 타이핑 할 시 자신의 정체를 숨기고 진명을 통하여 모든 참가자에게 말할 수 있다. 이 기능은 한번 사용할 때마다 마나를 35 소모한다."
lidellut,skill,publish,공표,카이,A000,ReplaceableTextures\CommandButtons\BTN_Common_Official.blp,custom,custom/BTN_Common_Official.png,공표(Q),"쿨다운 - 40
사용 횟수 - 무한

이름 하나를 선택하여 자신의 정체를 공표한다. 이 스킬을 사용 시 마나를 5 획득한다.

사용 후 6초 동안 이름을 선택하지 않으면 취소됩니다."
lidellut,skill,ally,동맹,카이,A004,ReplaceableTextures\CommandButtons\BTNLoad.blp,standard,standard/BTNLoad.png,동맹(E),"쿨다운 - 5
사용 횟수 - 무한

대상에게 동맹상태를 선언한다. 상호 동맹이 되기 위해서는 상대방 역시 당신에게 이 명령을 사용해야만 한다. 당신은 보유한 동맹의 숫자만큼 매턴 10의 마나를 추가로 얻는다."
lidellut,skill,break_ally,동맹 파기,카이,A005,ReplaceableTextures\CommandButtons\BTNUnload.blp,standard,standard/BTNUnload.png,동맹 파기(R),"쿨다운 - 5
사용 횟수 - 무한

대상과의 동맹을 파기시킨다."
lidellut,skill,soul_reaver,소울 리버,카이,A00B,ReplaceableTextures\CommandButtons\BTN_Skill_SoulReaver.blp,custom,custom/BTN_Skill_SoulReaver.png,소울 리버(V),"사용 횟수 - 1회

목표 대상을 정체에 관계없이 살해한다. 20초 후 카이의 정체가 드러나며 이는 게임의 패배로 연결될 수 있다."
lidellut,character,arin,아린,다크 템플러,H00S,ReplaceableTextures\CommandButtons\BTN_Hero_DarkTempler.blp,custom,custom/BTN_Hero_DarkTempler.png,아린 — 다크 템플러,
lidellut,skill,attack,공격,아린,A002,ReplaceableTextures\CommandButtons\BTN_Common_Attack.blp,custom,custom/BTN_Common_Attack.png,공격(A),"쿨다운 - 60
사용 횟수 - 무한

목표대상의 정체를 기입하여 일치할 경우 살해한다. 기입한 정체가 틀리거나 보디가드가 있는 대상을 공격할 경우 실패한다. 실패할 경우 공격을 시도한 영웅은 사망한다.

사용 후 6초 동안 이름을 선택하지 않으면 취소됩니다."
lidellut,skill,enemy_check,적군 확인,아린,A008,ReplaceableTextures\CommandButtons\BTNReveal.blp,standard,standard/BTNReveal.png,적군 확인(F),"쿨다운 - 60
사용 횟수 - 무한

목표 대상을 살핀다. 목표 대상이 공표한 이름과 정체가 일치하고 적군일 경우 알아낸다."
lidellut,skill,publish,공표,아린,A000,ReplaceableTextures\CommandButtons\BTN_Common_Official.blp,custom,custom/BTN_Common_Official.png,공표(Q),"쿨다운 - 40
사용 횟수 - 무한

이름 하나를 선택하여 자신의 정체를 공표한다. 이 스킬을 사용 시 마나를 5 획득한다.

사용 후 6초 동안 이름을 선택하지 않으면 취소됩니다."
lidellut,skill,ally,동맹,아린,A004,ReplaceableTextures\CommandButtons\BTNLoad.blp,standard,standard/BTNLoad.png,동맹(E),"쿨다운 - 5
사용 횟수 - 무한

대상에게 동맹상태를 선언한다. 상호 동맹이 되기 위해서는 상대방 역시 당신에게 이 명령을 사용해야만 한다. 당신은 보유한 동맹의 숫자만큼 매턴 10의 마나를 추가로 얻는다."
lidellut,skill,break_ally,동맹 파기,아린,A005,ReplaceableTextures\CommandButtons\BTNUnload.blp,standard,standard/BTNUnload.png,동맹 파기(R),"쿨다운 - 5
사용 횟수 - 무한

대상과의 동맹을 파기시킨다."
lidellut,skill,loyal_servant,충복,아린,A00V,ReplaceableTextures\CommandButtons\BTN_Skill_Faithful.blp,custom,custom/BTN_Skill_Faithful.png,충복(Z),"쿨다운 - 40
사용 횟수 - 무한

목표 대상이 카이일 경우 알아낸다."
lidellut,skill,rune_protection,룬 프로텍션,아린,A00W,ReplaceableTextures\CommandButtons\BTN_Skill_RuneofProtection.blp,custom,custom/BTN_Skill_RuneofProtection.png,룬 프로텍션(X),"쿨다운 - 60
사용 횟수 - 무한

목표 대상을 45초 동안 무적상태로 만든다."
lidellut,skill,bodyguard,보디가드,아린,A00X,ReplaceableTextures\PassiveButtons\PASBTN_Skill_Bodyguard.blp,custom,custom/PASBTN_Skill_Bodyguard.png,보디가드,"패시브

아린이 살아있으면 카이는 공격당하지 않는다."
lidellut,character,kaspa,카스파,다크 샤먼,H00R,ReplaceableTextures\CommandButtons\BTN_Hero_DarkShaman.blp,custom,custom/BTN_Hero_DarkShaman.png,카스파 — 다크 샤먼,
lidellut,skill,attack,공격,카스파,A002,ReplaceableTextures\CommandButtons\BTN_Common_Attack.blp,custom,custom/BTN_Common_Attack.png,공격(A),"쿨다운 - 60
사용 횟수 - 무한

목표대상의 정체를 기입하여 일치할 경우 살해한다. 기입한 정체가 틀리거나 보디가드가 있는 대상을 공격할 경우 실패한다. 실패할 경우 공격을 시도한 영웅은 사망한다.

사용 후 6초 동안 이름을 선택하지 않으면 취소됩니다."
lidellut,skill,ally_check,아군 확인,카스파,A009,ReplaceableTextures\CommandButtons\BTNReveal.blp,standard,standard/BTNReveal.png,아군 확인(F),"쿨다운 - 45
사용 횟수 - 무한

목표 대상을 살핀다. 목표 대상이 공표한 이름과 정체가 일치하고 아군일 경우 알아낸다."
lidellut,skill,publish,공표,카스파,A000,ReplaceableTextures\CommandButtons\BTN_Common_Official.blp,custom,custom/BTN_Common_Official.png,공표(Q),"쿨다운 - 40
사용 횟수 - 무한

이름 하나를 선택하여 자신의 정체를 공표한다. 이 스킬을 사용 시 마나를 5 획득한다.

사용 후 6초 동안 이름을 선택하지 않으면 취소됩니다."
lidellut,skill,ally,동맹,카스파,A004,ReplaceableTextures\CommandButtons\BTNLoad.blp,standard,standard/BTNLoad.png,동맹(E),"쿨다운 - 5
사용 횟수 - 무한

대상에게 동맹상태를 선언한다. 상호 동맹이 되기 위해서는 상대방 역시 당신에게 이 명령을 사용해야만 한다. 당신은 보유한 동맹의 숫자만큼 매턴 10의 마나를 추가로 얻는다."
lidellut,skill,break_ally,동맹 파기,카스파,A005,ReplaceableTextures\CommandButtons\BTNUnload.blp,standard,standard/BTNUnload.png,동맹 파기(R),"쿨다운 - 5
사용 횟수 - 무한

대상과의 동맹을 파기시킨다."
lidellut,skill,loyal_servant,충복,카스파,A00V,ReplaceableTextures\CommandButtons\BTN_Skill_Faithful.blp,custom,custom/BTN_Skill_Faithful.png,충복(Z),"쿨다운 - 40
사용 횟수 - 무한

목표 대상이 카이일 경우 알아낸다."
lidellut,skill,essence_drain,정기 흡수,카스파,S003,ReplaceableTextures\CommandButtons\BTNDeathPact.blp,standard,standard/BTNDeathPact.png,정기 흡수,"패시브

적을 공격하여 살해하면 마나를 50 회복한다."
lidellut,skill,religious_alliance,종교 동맹,카스파,A02Y,ReplaceableTextures\CommandButtons\BTNHelmOfValor.blp,standard,standard/BTNHelmOfValor.png,종교 동맹(C),"사용 횟수 - 1회

진명을 내어야 사용할 수 있다. 1분 뒤 프레이아의 정체를 알아내지만 종교동맹 사실이 모든 플레이어에게 알려진다."
lidellut,skill,oracle,신탁,카스파,A02K,ReplaceableTextures\CommandButtons\BTNUndeadShrine.blp,standard,standard/BTNUndeadShrine.png,신탁 (V),"사용 횟수 - 1회

목표 대상의 진실의 보석 소유 여부를 간파해낸다. 소유하고 있을 경우 보석의 등급을 파악할 수 있다."
lidellut,character,freia,프레이아,프리스티스 오브 그리드,H00T,ReplaceableTextures\CommandButtons\BTNWarden2.blp,standard,standard/BTNWarden2.png,프레이아 — 프리스티스 오브 그리드,
lidellut,skill,advanced_scan,상급 스캔,프레이아,A036,ReplaceableTextures\CommandButtons\BTNCharm.blp,standard,standard/BTNCharm.png,상급 스캔(D),"쿨다운 - 30
사용 횟수 - 무한

목표 대상을 살핀다. 대상의 정체를 기입하여 일치할 경우 알아낸다. 이 능력으로 카이나 샤이닝의 정체는 알아낼 수 없다."
lidellut,skill,publish,공표,프레이아,A000,ReplaceableTextures\CommandButtons\BTN_Common_Official.blp,custom,custom/BTN_Common_Official.png,공표(Q),"쿨다운 - 40
사용 횟수 - 무한

이름 하나를 선택하여 자신의 정체를 공표한다. 이 스킬을 사용 시 마나를 5 획득한다.

사용 후 6초 동안 이름을 선택하지 않으면 취소됩니다."
lidellut,skill,ally,동맹,프레이아,A004,ReplaceableTextures\CommandButtons\BTNLoad.blp,standard,standard/BTNLoad.png,동맹(E),"쿨다운 - 5
사용 횟수 - 무한

대상에게 동맹상태를 선언한다. 상호 동맹이 되기 위해서는 상대방 역시 당신에게 이 명령을 사용해야만 한다. 당신은 보유한 동맹의 숫자만큼 매턴 10의 마나를 추가로 얻는다."
lidellut,skill,break_ally,동맹 파기,프레이아,A005,ReplaceableTextures\CommandButtons\BTNUnload.blp,standard,standard/BTNUnload.png,동맹 파기(R),"쿨다운 - 5
사용 횟수 - 무한

대상과의 동맹을 파기시킨다."
lidellut,skill,religious_alliance,종교 동맹,프레이아,A02Z,ReplaceableTextures\CommandButtons\BTNHelmOfValor.blp,standard,standard/BTNHelmOfValor.png,종교 동맹(X),"사용 횟수 - 1회

진명을 내어야 사용할 수 있다. 1분 뒤 프레이아의 정체를 알아내지만 종교동맹 사실이 모든 플레이어에게 알려진다."
lidellut,skill,dawn_mist,미명의 안개,프레이아,A00J,ReplaceableTextures\CommandButtons\BTNShadowMeld.blp,standard,standard/BTNShadowMeld.png,미명의 안개(Z),"쿨다운 - 45

목표 대상이 적군 확인 혹은 배틀 센스 스킬의 대상이 되었을 경우 그 결과를 한 번 교란하며, 프레이아는 스킬을 사용한 영웅과 스킬의 종류를 알 수 있다."
lidellut,character,tuma,투마,플레임 블레이더,H00P,ReplaceableTextures\CommandButtons\BTNChaosWolfRider.blp,standard,standard/BTNChaosWolfRider.png,투마 — 플레임 블레이더,
lidellut,skill,advanced_attack,상급 공격,투마,A003,ReplaceableTextures\CommandButtons\BTN_Common_HighAttack.blp,custom,custom/BTN_Common_HighAttack.png,상급 공격(A),"쿨다운 - 60
사용 횟수 - 무한

목표대상의 정체를 기입하여 일치할 경우 살해한다. 기입한 정체가 틀리거나 보디가드가 있는 대상을 공격할 경우 실패한다. 2번 실패할 경우 공격을 시도한 영웅은 사망한다.

사용 후 6초 동안 이름을 선택하지 않으면 취소됩니다."
lidellut,skill,publish,공표,투마,A000,ReplaceableTextures\CommandButtons\BTN_Common_Official.blp,custom,custom/BTN_Common_Official.png,공표(Q),"쿨다운 - 40
사용 횟수 - 무한

이름 하나를 선택하여 자신의 정체를 공표한다. 이 스킬을 사용 시 마나를 5 획득한다.

사용 후 6초 동안 이름을 선택하지 않으면 취소됩니다."
lidellut,skill,ally,동맹,투마,A004,ReplaceableTextures\CommandButtons\BTNLoad.blp,standard,standard/BTNLoad.png,동맹(E),"쿨다운 - 5
사용 횟수 - 무한

대상에게 동맹상태를 선언한다. 상호 동맹이 되기 위해서는 상대방 역시 당신에게 이 명령을 사용해야만 한다. 당신은 보유한 동맹의 숫자만큼 매턴 10의 마나를 추가로 얻는다."
lidellut,skill,break_ally,동맹 파기,투마,A005,ReplaceableTextures\CommandButtons\BTNUnload.blp,standard,standard/BTNUnload.png,동맹 파기(R),"쿨다운 - 5
사용 횟수 - 무한

대상과의 동맹을 파기시킨다."
lidellut,skill,valiant_charge,용맹한 돌진,투마,A035,ReplaceableTextures\CommandButtons\BTN_Skill_BeastFrenzy.blp,custom,custom/BTN_Skill_BeastFrenzy.png,용맹한 돌진(Z),"사용 횟수 - 1회

목표 대상이 카미카제라면 살해한다. 스킬 사용에 성공하면 카이와 서로 동맹이 되고 최상급 공격 스킬을 획득한다."
lidellut,skill,charge_sense,돌격 감각,투마,A02M,ReplaceableTextures\CommandButtons\BTNBerserk.blp,standard,standard/BTNBerserk.png,돌격 감각(X),"쿨다운 - 100
사용 횟수 - 무한

목표 대상이 카미카제라면 알아낸다."
lidellut,skill,flame_source,화염의 근원,투마,S002,ReplaceableTextures\PassiveButtons\PASBTN_Skill_OriginofFire.blp,custom,custom/PASBTN_Skill_OriginofFire.png,화염의 근원,"패시브

투마는 2번 공격당해야 사망한다."
lidellut,character,sepi,세피,카오스 위치,H00Q,ReplaceableTextures\CommandButtons\BTNBlueDemoness.blp,standard,standard/BTNBlueDemoness.png,세피 — 카오스 위치,
lidellut,skill,ally_check,아군 확인,세피,A009,ReplaceableTextures\CommandButtons\BTNReveal.blp,standard,standard/BTNReveal.png,아군 확인(F),"쿨다운 - 45
사용 횟수 - 무한

목표 대상을 살핀다. 목표 대상이 공표한 이름과 정체가 일치하고 아군일 경우 알아낸다."
lidellut,skill,publish,공표,세피,A000,ReplaceableTextures\CommandButtons\BTN_Common_Official.blp,custom,custom/BTN_Common_Official.png,공표(Q),"쿨다운 - 40
사용 횟수 - 무한

이름 하나를 선택하여 자신의 정체를 공표한다. 이 스킬을 사용 시 마나를 5 획득한다.

사용 후 6초 동안 이름을 선택하지 않으면 취소됩니다."
lidellut,skill,ally,동맹,세피,A004,ReplaceableTextures\CommandButtons\BTNLoad.blp,standard,standard/BTNLoad.png,동맹(E),"쿨다운 - 5
사용 횟수 - 무한

대상에게 동맹상태를 선언한다. 상호 동맹이 되기 위해서는 상대방 역시 당신에게 이 명령을 사용해야만 한다. 당신은 보유한 동맹의 숫자만큼 매턴 10의 마나를 추가로 얻는다."
lidellut,skill,break_ally,동맹 파기,세피,A005,ReplaceableTextures\CommandButtons\BTNUnload.blp,standard,standard/BTNUnload.png,동맹 파기(R),"쿨다운 - 5
사용 횟수 - 무한

대상과의 동맹을 파기시킨다."
lidellut,skill,confusion,교란,세피,A00Y,ReplaceableTextures\CommandButtons\BTNSilence.blp,standard,standard/BTNSilence.png,교란(X),"쿨다운 - 120
사용 횟수 - 무한

목표 대상을 45초 동안 행동 불능으로 만든다."
lidellut,skill,curse,저주,세피,A03M,ReplaceableTextures\CommandButtons\BTNDizzy.blp,standard,standard/BTNDizzy.png,저주(C),"쿨다운 - 300
사용 횟수 - 무한

목표 대상의 마나가 50 이하라면 그의 정체를 즉시 알아낸다."
lidellut,skill,burning_magic,버닝 매직,세피,A03L,ReplaceableTextures\CommandButtons\BTNManaBurn.blp,standard,standard/BTNManaBurn.png,버닝 매직(Z),"쿨다운 - 60
사용 횟수 - 무한

목표 대상의 마나를 50 감소시킨다."
lidellut,skill,distortion,왜곡,세피,A030,ReplaceableTextures\CommandButtons\BTNStun.blp,standard,standard/BTNStun.png,왜곡(V),"사용 횟수 - 1회

목표 대상이 소유한 진실의 보석 등급을 한단계 낮춘다."
lidellut,character,shining,샤이닝,그랜드 제너럴,H00U,ReplaceableTextures\CommandButtons\BTNDragonHawk.blp,standard,standard/BTNDragonHawk.png,샤이닝 — 그랜드 제너럴,
lidellut,skill,ally_scan,아군 스캔,샤이닝,A00T,ReplaceableTextures\CommandButtons\BTNCharm.blp,standard,standard/BTNCharm.png,아군 스캔(D),"쿨다운 - 40
사용 횟수 - 무한

목표 대상을 살핀다. 대상의 정체를 기입하여 일치할 경우 알아낸다. 오직 아군의 정체만을 알 수 있다."
lidellut,skill,global_chat,전체 채팅(공개),샤이닝,A00D,ReplaceableTextures\CommandButtons\BTNDrum.blp,standard,standard/BTNDrum.png,전체 채팅,"패시브
마나소비 - 35

'-전체 (내용)' 형태로 타이핑 할 시 자신의 정체를 숨기고 진명을 통하여 모든 참가자에게 말할 수 있다. 이 기능은 한번 사용할 때마다 마나를 35 소모한다."
lidellut,skill,publish,공표,샤이닝,A000,ReplaceableTextures\CommandButtons\BTN_Common_Official.blp,custom,custom/BTN_Common_Official.png,공표(Q),"쿨다운 - 40
사용 횟수 - 무한

이름 하나를 선택하여 자신의 정체를 공표한다. 이 스킬을 사용 시 마나를 5 획득한다.

사용 후 6초 동안 이름을 선택하지 않으면 취소됩니다."
lidellut,skill,ally,동맹,샤이닝,A004,ReplaceableTextures\CommandButtons\BTNLoad.blp,standard,standard/BTNLoad.png,동맹(E),"쿨다운 - 5
사용 횟수 - 무한

대상에게 동맹상태를 선언한다. 상호 동맹이 되기 위해서는 상대방 역시 당신에게 이 명령을 사용해야만 한다. 당신은 보유한 동맹의 숫자만큼 매턴 10의 마나를 추가로 얻는다."
lidellut,skill,break_ally,동맹 파기,샤이닝,A005,ReplaceableTextures\CommandButtons\BTNUnload.blp,standard,standard/BTNUnload.png,동맹 파기(R),"쿨다운 - 5
사용 횟수 - 무한

대상과의 동맹을 파기시킨다."
lidellut,skill,great_will,위대한 의지,샤이닝,A02N,ReplaceableTextures\CommandButtons\BTNControlMagic.blp,standard,standard/BTNControlMagic.png,위대한 의지(C),"사용 횟수 - 1회

목표 대상이 카이라면 살해한다. 

만약 카이가 아니라면 샤이닝은 20초 후 자신의 정체가 드러난다."
lidellut,skill,kinship_shining,혈족,샤이닝,A02P,ReplaceableTextures\CommandButtons\BTNStasisTrap.blp,standard,standard/BTNStasisTrap.png,혈족(Z),"쿨다운 - 40
사용 횟수 - 무한

목표 대상이 치즈코일 경우 알아낸다."
lidellut,skill,join,합류,샤이닝,A02O,ReplaceableTextures\CommandButtons\BTNDivineShieldOff.blp,standard,standard/BTNDivineShieldOff.png,합류(V),"사용 횟수 - 1회

목표 대상이 유이라면 전략 포인트를 1 증가시킨다. 합류에 실패할 경우 자신의 정체가 드러난다."
lidellut,character,chizuko,치즈코,하프 엔젤릭,H00Y,ReplaceableTextures\CommandButtons\BTNJaina.blp,standard,standard/BTNJaina.png,치즈코 — 하프 엔젤릭,
lidellut,skill,enemy_scan,적군 스캔,치즈코,A040,ReplaceableTextures\CommandButtons\BTNCharm.blp,standard,standard/BTNCharm.png,적군 스캔(D),"쿨다운 - 40
사용 횟수 - 무한

목표 대상을 살핀다. 대상의 정체를 기입하여 일치할 경우 알아낸다. 이 능력으로 카이의 정체는 알아낼 수 없으며, 오직 적군의 정체만을 알 수 있다."
lidellut,skill,publish,공표,치즈코,A000,ReplaceableTextures\CommandButtons\BTN_Common_Official.blp,custom,custom/BTN_Common_Official.png,공표(Q),"쿨다운 - 40
사용 횟수 - 무한

이름 하나를 선택하여 자신의 정체를 공표한다. 이 스킬을 사용 시 마나를 5 획득한다.

사용 후 6초 동안 이름을 선택하지 않으면 취소됩니다."
lidellut,skill,ally,동맹,치즈코,A004,ReplaceableTextures\CommandButtons\BTNLoad.blp,standard,standard/BTNLoad.png,동맹(E),"쿨다운 - 5
사용 횟수 - 무한

대상에게 동맹상태를 선언한다. 상호 동맹이 되기 위해서는 상대방 역시 당신에게 이 명령을 사용해야만 한다. 당신은 보유한 동맹의 숫자만큼 매턴 10의 마나를 추가로 얻는다."
lidellut,skill,break_ally,동맹 파기,치즈코,A005,ReplaceableTextures\CommandButtons\BTNUnload.blp,standard,standard/BTNUnload.png,동맹 파기(R),"쿨다운 - 5
사용 횟수 - 무한

대상과의 동맹을 파기시킨다."
lidellut,skill,diplomacy,외교,치즈코,A02T,ReplaceableTextures\CommandButtons\BTNNecromancerAdept.blp,standard,standard/BTNNecromancerAdept.png,외교(C),"사용 횟수 - 1회

목표 대상에게 즉시 자신의 정체를 드러낸다. 15초 후 목표 대상의 정체를 간파한다."
lidellut,skill,angel_baptism,천사의 세례,치즈코,A02R,ReplaceableTextures\CommandButtons\BTNResurrection.blp,standard,standard/BTNResurrection.png,천사의 세례(X),"쿨다운 - 30
사용 횟수 - 무한

목표 대상이 기사이며(유이, 수프라, 로네리스) 누구인지 맞춘다면 그에게 특수한 스킬을 부여한다. 스킬 사용에 실패하면 이 스킬을 상실한다."
lidellut,skill,kinship_chizuko,혈족,치즈코,A02S,ReplaceableTextures\CommandButtons\BTNStasisTrap.blp,standard,standard/BTNStasisTrap.png,혈족(Z),"쿨다운 - 40
사용 횟수 - 무한

목표 대상이 샤이닝일 경우 알아낸다."
lidellut,skill,join,합류,치즈코,A02O,ReplaceableTextures\CommandButtons\BTNDivineShieldOff.blp,standard,standard/BTNDivineShieldOff.png,합류(V),"사용 횟수 - 1회

목표 대상이 유이라면 전략 포인트를 1 증가시킨다. 합류에 실패할 경우 자신의 정체가 드러난다."
lidellut,character,yui,유이,디바인 나이트,H00V,ReplaceableTextures\CommandButtons\BTNSpellBreaker.blp,standard,standard/BTNSpellBreaker.png,유이 — 디바인 나이트,
lidellut,skill,attack,공격,유이,A002,ReplaceableTextures\CommandButtons\BTN_Common_Attack.blp,custom,custom/BTN_Common_Attack.png,공격(A),"쿨다운 - 60
사용 횟수 - 무한

목표대상의 정체를 기입하여 일치할 경우 살해한다. 기입한 정체가 틀리거나 보디가드가 있는 대상을 공격할 경우 실패한다. 실패할 경우 공격을 시도한 영웅은 사망한다.

사용 후 6초 동안 이름을 선택하지 않으면 취소됩니다."
lidellut,skill,publish,공표,유이,A000,ReplaceableTextures\CommandButtons\BTN_Common_Official.blp,custom,custom/BTN_Common_Official.png,공표(Q),"쿨다운 - 40
사용 횟수 - 무한

이름 하나를 선택하여 자신의 정체를 공표한다. 이 스킬을 사용 시 마나를 5 획득한다.

사용 후 6초 동안 이름을 선택하지 않으면 취소됩니다."
lidellut,skill,ally,동맹,유이,A004,ReplaceableTextures\CommandButtons\BTNLoad.blp,standard,standard/BTNLoad.png,동맹(E),"쿨다운 - 5
사용 횟수 - 무한

대상에게 동맹상태를 선언한다. 상호 동맹이 되기 위해서는 상대방 역시 당신에게 이 명령을 사용해야만 한다. 당신은 보유한 동맹의 숫자만큼 매턴 10의 마나를 추가로 얻는다."
lidellut,skill,break_ally,동맹 파기,유이,A005,ReplaceableTextures\CommandButtons\BTNUnload.blp,standard,standard/BTNUnload.png,동맹 파기(R),"쿨다운 - 5
사용 횟수 - 무한

대상과의 동맹을 파기시킨다."
lidellut,skill,chivalry,기사도,유이,A03A,ReplaceableTextures\CommandButtons\BTNSorceressAdept.blp,standard,standard/BTNSorceressAdept.png,기사도(Z),"쿨다운 - 35
사용 횟수 - 무한

자신이 진명을 내었다면 목표 대상이 기사(유이, 로네리스, 수프라)일 경우 알아낸다.

진명을 내지 않았다면 목표 대상이 진명을 낸 기사일 경우에 알아낸다."
lidellut,character,loneris,로네리스,크루스닉,H00X,ReplaceableTextures\CommandButtons\BTNHeroPaladin.blp,standard,standard/BTNHeroPaladin.png,로네리스 — 크루스닉,
lidellut,skill,attack,공격,로네리스,A002,ReplaceableTextures\CommandButtons\BTN_Common_Attack.blp,custom,custom/BTN_Common_Attack.png,공격(A),"쿨다운 - 60
사용 횟수 - 무한

목표대상의 정체를 기입하여 일치할 경우 살해한다. 기입한 정체가 틀리거나 보디가드가 있는 대상을 공격할 경우 실패한다. 실패할 경우 공격을 시도한 영웅은 사망한다.

사용 후 6초 동안 이름을 선택하지 않으면 취소됩니다."
lidellut,skill,publish,공표,로네리스,A000,ReplaceableTextures\CommandButtons\BTN_Common_Official.blp,custom,custom/BTN_Common_Official.png,공표(Q),"쿨다운 - 40
사용 횟수 - 무한

이름 하나를 선택하여 자신의 정체를 공표한다. 이 스킬을 사용 시 마나를 5 획득한다.

사용 후 6초 동안 이름을 선택하지 않으면 취소됩니다."
lidellut,skill,ally,동맹,로네리스,A004,ReplaceableTextures\CommandButtons\BTNLoad.blp,standard,standard/BTNLoad.png,동맹(E),"쿨다운 - 5
사용 횟수 - 무한

대상에게 동맹상태를 선언한다. 상호 동맹이 되기 위해서는 상대방 역시 당신에게 이 명령을 사용해야만 한다. 당신은 보유한 동맹의 숫자만큼 매턴 10의 마나를 추가로 얻는다."
lidellut,skill,break_ally,동맹 파기,로네리스,A005,ReplaceableTextures\CommandButtons\BTNUnload.blp,standard,standard/BTNUnload.png,동맹 파기(R),"쿨다운 - 5
사용 횟수 - 무한

대상과의 동맹을 파기시킨다."
lidellut,skill,chivalry,기사도,로네리스,A03A,ReplaceableTextures\CommandButtons\BTNSorceressAdept.blp,standard,standard/BTNSorceressAdept.png,기사도(Z),"쿨다운 - 35
사용 횟수 - 무한

자신이 진명을 내었다면 목표 대상이 기사(유이, 로네리스, 수프라)일 경우 알아낸다.

진명을 내지 않았다면 목표 대상이 진명을 낸 기사일 경우에 알아낸다."
lidellut,skill,order_founding,기사단 창설,로네리스,A038,ReplaceableTextures\CommandButtons\BTNScroll.blp,standard,standard/BTNScroll.png,기사단 창설(X),"사용 횟수 - 1회

목표 대상이 수프라라면 성공한다. 유이에 대한 합류에 성공하고 수프라에 대한 기사단 창설에 성공한다면 기사단의 심문 스킬을 획득한다."
lidellut,skill,join,합류,로네리스,A02O,ReplaceableTextures\CommandButtons\BTNDivineShieldOff.blp,standard,standard/BTNDivineShieldOff.png,합류(V),"사용 횟수 - 1회

목표 대상이 유이라면 전략 포인트를 1 증가시킨다. 합류에 실패할 경우 자신의 정체가 드러난다."
lidellut,character,supra,수프라,블러디 나이트,H00W,ReplaceableTextures\CommandButtons\BTNTheCaptain.blp,standard,standard/BTNTheCaptain.png,수프라 — 블러디 나이트,
lidellut,skill,advanced_attack,상급 공격,수프라,A003,ReplaceableTextures\CommandButtons\BTN_Common_HighAttack.blp,custom,custom/BTN_Common_HighAttack.png,상급 공격(A),"쿨다운 - 60
사용 횟수 - 무한

목표대상의 정체를 기입하여 일치할 경우 살해한다. 기입한 정체가 틀리거나 보디가드가 있는 대상을 공격할 경우 실패한다. 2번 실패할 경우 공격을 시도한 영웅은 사망한다.

사용 후 6초 동안 이름을 선택하지 않으면 취소됩니다."
lidellut,skill,publish,공표,수프라,A000,ReplaceableTextures\CommandButtons\BTN_Common_Official.blp,custom,custom/BTN_Common_Official.png,공표(Q),"쿨다운 - 40
사용 횟수 - 무한

이름 하나를 선택하여 자신의 정체를 공표한다. 이 스킬을 사용 시 마나를 5 획득한다.

사용 후 6초 동안 이름을 선택하지 않으면 취소됩니다."
lidellut,skill,ally,동맹,수프라,A004,ReplaceableTextures\CommandButtons\BTNLoad.blp,standard,standard/BTNLoad.png,동맹(E),"쿨다운 - 5
사용 횟수 - 무한

대상에게 동맹상태를 선언한다. 상호 동맹이 되기 위해서는 상대방 역시 당신에게 이 명령을 사용해야만 한다. 당신은 보유한 동맹의 숫자만큼 매턴 10의 마나를 추가로 얻는다."
lidellut,skill,break_ally,동맹 파기,수프라,A005,ReplaceableTextures\CommandButtons\BTNUnload.blp,standard,standard/BTNUnload.png,동맹 파기(R),"쿨다운 - 5
사용 횟수 - 무한

대상과의 동맹을 파기시킨다."
lidellut,skill,defend,디펜드,수프라,S007,ReplaceableTextures\CommandButtons\BTNHumanArmorUpTwo.blp,standard,standard/BTNHumanArmorUpTwo.png,디펜드 - [레벨 1],"패시브

기사도 스킬에 성공하거나 천사의 세례를 받았을 경우 레벨이 상승한다."
lidellut,skill,chivalry,기사도,수프라,A03A,ReplaceableTextures\CommandButtons\BTNSorceressAdept.blp,standard,standard/BTNSorceressAdept.png,기사도(Z),"쿨다운 - 35
사용 횟수 - 무한

자신이 진명을 내었다면 목표 대상이 기사(유이, 로네리스, 수프라)일 경우 알아낸다.

진명을 내지 않았다면 목표 대상이 진명을 낸 기사일 경우에 알아낸다."
lidellut,skill,join,합류,수프라,A02O,ReplaceableTextures\CommandButtons\BTNDivineShieldOff.blp,standard,standard/BTNDivineShieldOff.png,합류(V),"사용 횟수 - 1회

목표 대상이 유이라면 전략 포인트를 1 증가시킨다. 합류에 실패할 경우 자신의 정체가 드러난다."
lidellut,character,kamikaze,카미카제,그레이트 워로드,H00Z,ReplaceableTextures\CommandButtons\BTNHeroTaurenChieftain.blp,standard,standard/BTNHeroTaurenChieftain.png,카미카제 — 그레이트 워로드,
lidellut,skill,attack,공격,카미카제,A002,ReplaceableTextures\CommandButtons\BTN_Common_Attack.blp,custom,custom/BTN_Common_Attack.png,공격(A),"쿨다운 - 60
사용 횟수 - 무한

목표대상의 정체를 기입하여 일치할 경우 살해한다. 기입한 정체가 틀리거나 보디가드가 있는 대상을 공격할 경우 실패한다. 실패할 경우 공격을 시도한 영웅은 사망한다.

사용 후 6초 동안 이름을 선택하지 않으면 취소됩니다."
lidellut,skill,publish,공표,카미카제,A000,ReplaceableTextures\CommandButtons\BTN_Common_Official.blp,custom,custom/BTN_Common_Official.png,공표(Q),"쿨다운 - 40
사용 횟수 - 무한

이름 하나를 선택하여 자신의 정체를 공표한다. 이 스킬을 사용 시 마나를 5 획득한다.

사용 후 6초 동안 이름을 선택하지 않으면 취소됩니다."
lidellut,skill,ally,동맹,카미카제,A004,ReplaceableTextures\CommandButtons\BTNLoad.blp,standard,standard/BTNLoad.png,동맹(E),"쿨다운 - 5
사용 횟수 - 무한

대상에게 동맹상태를 선언한다. 상호 동맹이 되기 위해서는 상대방 역시 당신에게 이 명령을 사용해야만 한다. 당신은 보유한 동맹의 숫자만큼 매턴 10의 마나를 추가로 얻는다."
lidellut,skill,break_ally,동맹 파기,카미카제,A005,ReplaceableTextures\CommandButtons\BTNUnload.blp,standard,standard/BTNUnload.png,동맹 파기(R),"쿨다운 - 5
사용 횟수 - 무한

대상과의 동맹을 파기시킨다."
lidellut,skill,battle_sense,배틀 센스,카미카제,A03B,ReplaceableTextures\CommandButtons\BTNBerserk.blp,standard,standard/BTNBerserk.png,배틀 센스(X),"쿨다운 - 60

목표 대상이 상급 전사(상급 혹은 최상급 공격을 보유)인지, 일반 전사(공격 보유)인지, 전사가 아닌지 여부를 간파할 수 있다."
lidellut,skill,commander_search,사령관 탐색,카미카제,A03N,ReplaceableTextures\CommandButtons\BTNHumanArmorUpTwo.blp,standard,standard/BTNHumanArmorUpTwo.png,사령관 탐색(F),"쿨다운 - 40
사용 횟수 - 무한

목표 대상이 샤이닝일 경우 알아낸다. 탐색에 성공했을 경우 상급 아군 확인 스킬을 획득한다."
lidellut,skill,ancient_sorcery,고대의 주술,카미카제,A034,ReplaceableTextures\CommandButtons\BTNShimmerWeed.blp,standard,standard/BTNShimmerWeed.png,고대의 주술(Z),"쿨다운 - 150
사용 횟수 - 무한

소유한 보석의 등급을 한단계 상승시킨다. 보석이 없을 경우 혹은 이미 완성된 보석이 있을 경우엔 스킬을 사용할 수 없다."
lidellut,skill,hard_skin,하드스킨,카미카제,S008,ReplaceableTextures\PassiveButtons\PASBTN_Skill_HardSkin.blp,custom,custom/PASBTN_Skill_HardSkin.png,하드스킨,"패시브

카미카제는 3번 공격당해야 사망한다."
lidellut,skill,join,합류,카미카제,A02O,ReplaceableTextures\CommandButtons\BTNDivineShieldOff.blp,standard,standard/BTNDivineShieldOff.png,합류(V),"사용 횟수 - 1회

목표 대상이 유이라면 전략 포인트를 1 증가시킨다. 합류에 실패할 경우 자신의 정체가 드러난다."
lidellut,skill,mass_teleport,매스 텔레포트,(획득형),A031,ReplaceableTextures\CommandButtons\BTNMassTeleport.blp,standard,standard/BTNMassTeleport.png,매스 텔레포트(V),"사용 횟수 - 1회

자신의 정체를 드러내고 목표 대상을 즉시 살해한다."
lidellut,skill,greater_mass_teleport,상급 매스 텔레포트,(획득형),A02V,ReplaceableTextures\CommandButtons\BTNMassTeleport.blp,standard,standard/BTNMassTeleport.png,매스 텔레포트(V),"사용 횟수 - 1회

자신의 정체를 드러내고 목표 대상을 즉시 살해한다."
lidellut,skill,order_inquisition,기사단의 심문,(획득형),A02W,ReplaceableTextures\CommandButtons\BTNThoriumMelee.blp,standard,standard/BTNThoriumMelee.png,기사단의 심문(X),"사용 횟수 - 1회

1분 뒤에 목표 대상의 정체를 알아낸다."
lidellut,skill,heresy_judgment,이단 심판,(획득형),A032,ReplaceableTextures\CommandButtons\BTNDisenchant.blp,standard,standard/BTNDisenchant.png,이단 심판(C),"쿨다운 - 60
사용 횟수 - 무한

목표 대상이 카스파 혹은 프레이아라면 살해한다. 이 스킬로 카스파 혹은 프레이아를 살해했을 경우 상급 공격을 획득한다."
troll,character,chis,치스,트롤 치프틴,H010,ReplaceableTextures\CommandButtons\BTNWitchDoctor.blp,standard,standard/BTNWitchDoctor.png,치스 — 트롤 치프틴,
troll,skill,publish,공표,치스,A000,ReplaceableTextures\CommandButtons\BTN_Common_Official.blp,custom,custom/BTN_Common_Official.png,공표(Q),"쿨다운 - 40
사용 횟수 - 무한

이름 하나를 선택하여 자신의 정체를 공표한다. 이 스킬을 사용 시 마나를 5 획득한다.

사용 후 6초 동안 이름을 선택하지 않으면 취소됩니다."
troll,skill,ally,동맹,치스,A004,ReplaceableTextures\CommandButtons\BTNLoad.blp,standard,standard/BTNLoad.png,동맹(E),"쿨다운 - 5
사용 횟수 - 무한

대상에게 동맹상태를 선언한다. 상호 동맹이 되기 위해서는 상대방 역시 당신에게 이 명령을 사용해야만 한다. 당신은 보유한 동맹의 숫자만큼 매턴 10의 마나를 추가로 얻는다."
troll,skill,break_ally,동맹 파기,치스,A005,ReplaceableTextures\CommandButtons\BTNUnload.blp,standard,standard/BTNUnload.png,동맹 파기(R),"쿨다운 - 5
사용 횟수 - 무한

대상과의 동맹을 파기시킨다."
troll,skill,troll_ally_scan,아군 스캔(트롤),치스,A015,ReplaceableTextures\CommandButtons\BTNCharm.blp,standard,standard/BTNCharm.png,아군 스캔(D),"쿨다운 - 40
사용 횟수 - 무한

목표 대상을 살핀다. 대상의 정체를 기입하여 일치할 경우 알아낸다. 오직 아군의 정체만을 알 수 있다."
troll,skill,holy_binding,홀리 바인딩,치스,A03J,ReplaceableTextures\CommandButtons\BTNHealingWave.blp,standard,standard/BTNHealingWave.png,홀리 바인딩(X),"사용 횟수 - 1회

목표 대상이 데카일 경우 블러디 매드니스를 제거하며, 그 정체가 모든 사람에게 드러난다."
troll,skill,global_chat,전체 채팅(공개),치스,A025,ReplaceableTextures\CommandButtons\BTNManaFlareOff.blp,standard,standard/BTNManaFlareOff.png,전체 채팅,"패시브
마나소비 - 25

'-전체 (내용)' 형태로 타이핑 할 시 자신의 정체를 숨기고 진명도 숨긴 채 모든 참가자에게 말할 수 있다. 이 기능은 한번 사용할 때마다 마나를 25 소모한다."
troll,skill,spirit_hex,정령의 주술,치스,A03P,ReplaceableTextures\CommandButtons\BTNRegenerate.blp,standard,standard/BTNRegenerate.png,정령의 주술(C),"쿨다운 - 60
사용 횟수 - 무한

진명을 공표하고 있어야 사용할 수 있다. 목표 대상이 적이고, 진실의 보석이나 조각을 가지고 있지 않다면 즉시 정체를 알아낸다."
troll,character,satoshi,사토시,아이스 가드,H011,ReplaceableTextures\CommandButtons\BTNForestTroll.blp,standard,standard/BTNForestTroll.png,사토시 — 아이스 가드,
troll,skill,publish,공표,사토시,A000,ReplaceableTextures\CommandButtons\BTN_Common_Official.blp,custom,custom/BTN_Common_Official.png,공표(Q),"쿨다운 - 40
사용 횟수 - 무한

이름 하나를 선택하여 자신의 정체를 공표한다. 이 스킬을 사용 시 마나를 5 획득한다.

사용 후 6초 동안 이름을 선택하지 않으면 취소됩니다."
troll,skill,ally,동맹,사토시,A004,ReplaceableTextures\CommandButtons\BTNLoad.blp,standard,standard/BTNLoad.png,동맹(E),"쿨다운 - 5
사용 횟수 - 무한

대상에게 동맹상태를 선언한다. 상호 동맹이 되기 위해서는 상대방 역시 당신에게 이 명령을 사용해야만 한다. 당신은 보유한 동맹의 숫자만큼 매턴 10의 마나를 추가로 얻는다."
troll,skill,break_ally,동맹 파기,사토시,A005,ReplaceableTextures\CommandButtons\BTNUnload.blp,standard,standard/BTNUnload.png,동맹 파기(R),"쿨다운 - 5
사용 횟수 - 무한

대상과의 동맹을 파기시킨다."
troll,skill,advanced_attack,상급 공격,사토시,A003,ReplaceableTextures\CommandButtons\BTN_Common_HighAttack.blp,custom,custom/BTN_Common_HighAttack.png,상급 공격(A),"쿨다운 - 60
사용 횟수 - 무한

목표대상의 정체를 기입하여 일치할 경우 살해한다. 기입한 정체가 틀리거나 보디가드가 있는 대상을 공격할 경우 실패한다. 2번 실패할 경우 공격을 시도한 영웅은 사망한다.

사용 후 6초 동안 이름을 선택하지 않으면 취소됩니다."
troll,skill,troll_regeneration,트롤 리제너레이션,사토시,A010,ReplaceableTextures\CommandButtons\BTNRegenerate.blp,standard,standard/BTNRegenerate.png,트롤 리제너레이션,"패시브

2번 공격 당해야 사망한다."
troll,skill,bodyguard_chief,보디가드,사토시,A022,ReplaceableTextures\CommandButtons\BTNDefend.blp,standard,standard/BTNDefend.png,보디가드,"패시브

사토시와 즈윈라가 살아있으면 치스는 공격당하지 않는다."
troll,skill,brothers,형제,사토시,A03C,ReplaceableTextures\CommandButtons\BTNIceTrollBeserker.blp,standard,standard/BTNIceTrollBeserker.png,형제(Z),"쿨다운 - 40
사용 횟수 - 무한

목표 대상이 즈윈라일 경우 서로 동맹이 되며, 아군 확인 스킬을 획득한다."
troll,skill,chief_protection,족장 보호,사토시,A03F,ReplaceableTextures\CommandButtons\BTN_Skill_Faithful.blp,custom,custom/BTN_Skill_Faithful.png,족장 보호(V),"사용 횟수 - 1회

목표 대상이 치스라면 그를 돌격대의 무모한 돌진으로부터 보호한다. 스킬 사용 시 모든 플레이어에게 메시지가 표시된다."
troll,character,zwinra,즈윈라,아이스 워로드,H012,ReplaceableTextures\CommandButtons\BTNIceTrollBeserker.blp,standard,standard/BTNIceTrollBeserker.png,즈윈라 — 아이스 워로드,
troll,skill,publish,공표,즈윈라,A000,ReplaceableTextures\CommandButtons\BTN_Common_Official.blp,custom,custom/BTN_Common_Official.png,공표(Q),"쿨다운 - 40
사용 횟수 - 무한

이름 하나를 선택하여 자신의 정체를 공표한다. 이 스킬을 사용 시 마나를 5 획득한다.

사용 후 6초 동안 이름을 선택하지 않으면 취소됩니다."
troll,skill,ally,동맹,즈윈라,A004,ReplaceableTextures\CommandButtons\BTNLoad.blp,standard,standard/BTNLoad.png,동맹(E),"쿨다운 - 5
사용 횟수 - 무한

대상에게 동맹상태를 선언한다. 상호 동맹이 되기 위해서는 상대방 역시 당신에게 이 명령을 사용해야만 한다. 당신은 보유한 동맹의 숫자만큼 매턴 10의 마나를 추가로 얻는다."
troll,skill,break_ally,동맹 파기,즈윈라,A005,ReplaceableTextures\CommandButtons\BTNUnload.blp,standard,standard/BTNUnload.png,동맹 파기(R),"쿨다운 - 5
사용 횟수 - 무한

대상과의 동맹을 파기시킨다."
troll,skill,advanced_attack,상급 공격,즈윈라,A003,ReplaceableTextures\CommandButtons\BTN_Common_HighAttack.blp,custom,custom/BTN_Common_HighAttack.png,상급 공격(A),"쿨다운 - 60
사용 횟수 - 무한

목표대상의 정체를 기입하여 일치할 경우 살해한다. 기입한 정체가 틀리거나 보디가드가 있는 대상을 공격할 경우 실패한다. 2번 실패할 경우 공격을 시도한 영웅은 사망한다.

사용 후 6초 동안 이름을 선택하지 않으면 취소됩니다."
troll,skill,troll_regeneration,트롤 리제너레이션,즈윈라,A010,ReplaceableTextures\CommandButtons\BTNRegenerate.blp,standard,standard/BTNRegenerate.png,트롤 리제너레이션,"패시브

2번 공격 당해야 사망한다."
troll,skill,brothers,형제,즈윈라,A03D,ReplaceableTextures\CommandButtons\BTNForestTroll.blp,standard,standard/BTNForestTroll.png,형제(Z),"쿨다운 - 40
사용 횟수 - 무한

목표 대상이 사토시일 경우 서로 동맹이 되며, 아군 확인 스킬을 획득한다."
troll,skill,bodyguard_chief,보디가드,즈윈라,A022,ReplaceableTextures\CommandButtons\BTNDefend.blp,standard,standard/BTNDefend.png,보디가드,"패시브

사토시와 즈윈라가 살아있으면 치스는 공격당하지 않는다."
troll,skill,chief_search,족장 탐색,즈윈라,A044,ReplaceableTextures\CommandButtons\BTNWitchDoctor.blp,standard,standard/BTNWitchDoctor.png,족장 탐색(V),"사용 횟수 - 1회

진명을 내어야 사용할 수 있다. 60초 뒤에 치스의 정체를 알아낼 수 있다."
troll,character,hachi,하치,엘더 헤드헌터,H013,ReplaceableTextures\CommandButtons\BTNHeadhunter.blp,standard,standard/BTNHeadhunter.png,하치 — 엘더 헤드헌터,
troll,skill,publish,공표,하치,A000,ReplaceableTextures\CommandButtons\BTN_Common_Official.blp,custom,custom/BTN_Common_Official.png,공표(Q),"쿨다운 - 40
사용 횟수 - 무한

이름 하나를 선택하여 자신의 정체를 공표한다. 이 스킬을 사용 시 마나를 5 획득한다.

사용 후 6초 동안 이름을 선택하지 않으면 취소됩니다."
troll,skill,ally,동맹,하치,A004,ReplaceableTextures\CommandButtons\BTNLoad.blp,standard,standard/BTNLoad.png,동맹(E),"쿨다운 - 5
사용 횟수 - 무한

대상에게 동맹상태를 선언한다. 상호 동맹이 되기 위해서는 상대방 역시 당신에게 이 명령을 사용해야만 한다. 당신은 보유한 동맹의 숫자만큼 매턴 10의 마나를 추가로 얻는다."
troll,skill,break_ally,동맹 파기,하치,A005,ReplaceableTextures\CommandButtons\BTNUnload.blp,standard,standard/BTNUnload.png,동맹 파기(R),"쿨다운 - 5
사용 횟수 - 무한

대상과의 동맹을 파기시킨다."
troll,skill,troll_venom,트롤 부족의 맹독,하치,A03G,ReplaceableTextures\CommandButtons\BTNManaBurn.blp,standard,standard/BTNManaBurn.png,트롤 부족의 맹독(Z),"쿨다운 - 70
사용 횟수 - 무한

목표 대상의 마나를 30 감소시킨다."
troll,skill,ancient_hex_hachi,고대의 주술,하치,A03I,ReplaceableTextures\CommandButtons\BTNShimmerWeed.blp,standard,standard/BTNShimmerWeed.png,고대의 주술(X),"쿨다운 - 150
사용 횟수 - 무한

소유한 보석의 등급을 한단계 상승시킨다. 보석이 없을 경우 혹은 이미 완성된 보석이 있을 경우엔 스킬을 사용할 수 없다."
troll,skill,hide,하이드,하치,A033,ReplaceableTextures\CommandButtons\BTNAmbush.blp,standard,standard/BTNAmbush.png,하이드,"패시브

아군/적군 확인과 스캔으로는 하치를 확인할 수 없다."
troll,skill,hunters_mark,사냥꾼의 표식,하치,A03U,ReplaceableTextures\CommandButtons\BTNSpy.blp,standard,standard/BTNSpy.png,사냥꾼의 표식(A),"쿨다운 - 60
사용 횟수 - 무한

대상 적에게 사냥꾼의 표식을 새긴다. 대상 적의 정체를 선택하여 성공할 경우 모든 플레이어에게 그 정체를 알린다."
troll,character,tokra,토크라,아이스 샤먼,H014,ReplaceableTextures\CommandButtons\BTNIceTrollShaman.blp,standard,standard/BTNIceTrollShaman.png,토크라 — 아이스 샤먼,
troll,skill,publish,공표,토크라,A000,ReplaceableTextures\CommandButtons\BTN_Common_Official.blp,custom,custom/BTN_Common_Official.png,공표(Q),"쿨다운 - 40
사용 횟수 - 무한

이름 하나를 선택하여 자신의 정체를 공표한다. 이 스킬을 사용 시 마나를 5 획득한다.

사용 후 6초 동안 이름을 선택하지 않으면 취소됩니다."
troll,skill,ally,동맹,토크라,A004,ReplaceableTextures\CommandButtons\BTNLoad.blp,standard,standard/BTNLoad.png,동맹(E),"쿨다운 - 5
사용 횟수 - 무한

대상에게 동맹상태를 선언한다. 상호 동맹이 되기 위해서는 상대방 역시 당신에게 이 명령을 사용해야만 한다. 당신은 보유한 동맹의 숫자만큼 매턴 10의 마나를 추가로 얻는다."
troll,skill,break_ally,동맹 파기,토크라,A005,ReplaceableTextures\CommandButtons\BTNUnload.blp,standard,standard/BTNUnload.png,동맹 파기(R),"쿨다운 - 5
사용 횟수 - 무한

대상과의 동맹을 파기시킨다."
troll,skill,support,지원,토크라,A02U,ReplaceableTextures\CommandButtons\BTNDarkSummoning.blp,standard,standard/BTNDarkSummoning.png,지원(Z),"쿨다운 - 90
사용 횟수 - 무한

목표 대상의 마나를 30 증가시킨다. 스스로에게는 사용할 수 없다.

대상은 누가 자신을 지원했는지 알 수 없다."
troll,skill,troll_scan,스캔(트롤),토크라,A02Q,ReplaceableTextures\CommandButtons\BTNCharm.blp,standard,standard/BTNCharm.png,스캔(D),"쿨다운 - 40
사용 횟수 - 무한

목표 대상을 살핀다. 대상의 정체를 기입하여 일치할 경우 알아낸다. 이 능력으로 치스나 데카의 정체는 알아낼 수 없다."
troll,skill,wild_essence,야생의 정기,토크라,A02X,ReplaceableTextures\CommandButtons\BTNBanish.blp,standard,standard/BTNBanish.png,야생의 정기(X),"쿨다운 - 40
사용 횟수 - 무한

목표 대상이 울디안 혹은 울피안일 경우 알아낸다."
troll,character,uldian,울디안,와일드 휴먼,H015,ReplaceableTextures\CommandButtons\BTNBeastMaster.blp,standard,standard/BTNBeastMaster.png,울디안 — 와일드 휴먼,
troll,skill,publish,공표,울디안,A000,ReplaceableTextures\CommandButtons\BTN_Common_Official.blp,custom,custom/BTN_Common_Official.png,공표(Q),"쿨다운 - 40
사용 횟수 - 무한

이름 하나를 선택하여 자신의 정체를 공표한다. 이 스킬을 사용 시 마나를 5 획득한다.

사용 후 6초 동안 이름을 선택하지 않으면 취소됩니다."
troll,skill,ally,동맹,울디안,A004,ReplaceableTextures\CommandButtons\BTNLoad.blp,standard,standard/BTNLoad.png,동맹(E),"쿨다운 - 5
사용 횟수 - 무한

대상에게 동맹상태를 선언한다. 상호 동맹이 되기 위해서는 상대방 역시 당신에게 이 명령을 사용해야만 한다. 당신은 보유한 동맹의 숫자만큼 매턴 10의 마나를 추가로 얻는다."
troll,skill,break_ally,동맹 파기,울디안,A005,ReplaceableTextures\CommandButtons\BTNUnload.blp,standard,standard/BTNUnload.png,동맹 파기(R),"쿨다운 - 5
사용 횟수 - 무한

대상과의 동맹을 파기시킨다."
troll,skill,attack,공격,울디안,A002,ReplaceableTextures\CommandButtons\BTN_Common_Attack.blp,custom,custom/BTN_Common_Attack.png,공격(A),"쿨다운 - 60
사용 횟수 - 무한

목표대상의 정체를 기입하여 일치할 경우 살해한다. 기입한 정체가 틀리거나 보디가드가 있는 대상을 공격할 경우 실패한다. 실패할 경우 공격을 시도한 영웅은 사망한다.

사용 후 6초 동안 이름을 선택하지 않으면 취소됩니다."
troll,skill,ally_check,아군 확인,울디안,A009,ReplaceableTextures\CommandButtons\BTNReveal.blp,standard,standard/BTNReveal.png,아군 확인(F),"쿨다운 - 45
사용 횟수 - 무한

목표 대상을 살핀다. 목표 대상이 공표한 이름과 정체가 일치하고 아군일 경우 알아낸다."
troll,skill,wild_bond,야생의 결속,울디안,A02L,ReplaceableTextures\CommandButtons\BTNAmuletOftheWild.blp,standard,standard/BTNAmuletOftheWild.png,야생의 결속,"패시브

울디안과 울피안은 동맹 상태로 시작한다."
troll,skill,wild_path,야생의 길,울디안,A03O,ReplaceableTextures\CommandButtons\BTNBearForm.blp,standard,standard/BTNBearForm.png,야생의 길(Z),"사용 횟수 - 1회

진명을 내어야 사용할 수 있다. 20초 뒤까지 자신이 진명이면 치스의 정체를 알아낼 수 있다."
troll,character,ulpian,울피안,와일드 휴먼,H016,ReplaceableTextures\CommandButtons\BTNDruidOfTheClaw.blp,standard,standard/BTNDruidOfTheClaw.png,울피안 — 와일드 휴먼,
troll,skill,publish,공표,울피안,A000,ReplaceableTextures\CommandButtons\BTN_Common_Official.blp,custom,custom/BTN_Common_Official.png,공표(Q),"쿨다운 - 40
사용 횟수 - 무한

이름 하나를 선택하여 자신의 정체를 공표한다. 이 스킬을 사용 시 마나를 5 획득한다.

사용 후 6초 동안 이름을 선택하지 않으면 취소됩니다."
troll,skill,ally,동맹,울피안,A004,ReplaceableTextures\CommandButtons\BTNLoad.blp,standard,standard/BTNLoad.png,동맹(E),"쿨다운 - 5
사용 횟수 - 무한

대상에게 동맹상태를 선언한다. 상호 동맹이 되기 위해서는 상대방 역시 당신에게 이 명령을 사용해야만 한다. 당신은 보유한 동맹의 숫자만큼 매턴 10의 마나를 추가로 얻는다."
troll,skill,break_ally,동맹 파기,울피안,A005,ReplaceableTextures\CommandButtons\BTNUnload.blp,standard,standard/BTNUnload.png,동맹 파기(R),"쿨다운 - 5
사용 횟수 - 무한

대상과의 동맹을 파기시킨다."
troll,skill,enemy_check,적군 확인,울피안,A008,ReplaceableTextures\CommandButtons\BTNReveal.blp,standard,standard/BTNReveal.png,적군 확인(F),"쿨다운 - 60
사용 횟수 - 무한

목표 대상을 살핀다. 목표 대상이 공표한 이름과 정체가 일치하고 적군일 경우 알아낸다."
troll,skill,wild_bond,야생의 결속,울피안,A02L,ReplaceableTextures\CommandButtons\BTNAmuletOftheWild.blp,standard,standard/BTNAmuletOftheWild.png,야생의 결속,"패시브

울디안과 울피안은 동맹 상태로 시작한다."
troll,skill,purify_hex,정화의 주술,울피안,A03Q,ReplaceableTextures\CommandButtons\BTNDryadDispelMagic.blp,standard,standard/BTNDryadDispelMagic.png,정화의 주술(Z),"사용 횟수 - 1회

카눌라의 스킬 '혼돈의 주술'의 대상이나 카눌라 자신에게 사용했을 경우 즉시 살해한다."
troll,character,deka,데카,트롤 버서커,H017,ReplaceableTextures\CommandButtons\BTNHeadHunterBerserker.blp,standard,standard/BTNHeadHunterBerserker.png,데카 — 트롤 버서커,
troll,skill,publish,공표,데카,A000,ReplaceableTextures\CommandButtons\BTN_Common_Official.blp,custom,custom/BTN_Common_Official.png,공표(Q),"쿨다운 - 40
사용 횟수 - 무한

이름 하나를 선택하여 자신의 정체를 공표한다. 이 스킬을 사용 시 마나를 5 획득한다.

사용 후 6초 동안 이름을 선택하지 않으면 취소됩니다."
troll,skill,ally,동맹,데카,A004,ReplaceableTextures\CommandButtons\BTNLoad.blp,standard,standard/BTNLoad.png,동맹(E),"쿨다운 - 5
사용 횟수 - 무한

대상에게 동맹상태를 선언한다. 상호 동맹이 되기 위해서는 상대방 역시 당신에게 이 명령을 사용해야만 한다. 당신은 보유한 동맹의 숫자만큼 매턴 10의 마나를 추가로 얻는다."
troll,skill,break_ally,동맹 파기,데카,A005,ReplaceableTextures\CommandButtons\BTNUnload.blp,standard,standard/BTNUnload.png,동맹 파기(R),"쿨다운 - 5
사용 횟수 - 무한

대상과의 동맹을 파기시킨다."
troll,skill,supreme_attack,최상급 공격,데카,A01Z,ReplaceableTextures\CommandButtons\BTN_Common_HighAttack.blp,custom,custom/BTN_Common_HighAttack.png,최상급 공격(A),"쿨다운 - 60
사용 횟수 - 무한

목표대상의 정체를 기입하여 일치할 경우 살해한다. 기입한 정체가 틀리거나 보디가드가 있는 대상을 공격할 경우 실패한다. 

사용 후 6초 동안 이름을 선택하지 않으면 취소됩니다."
troll,skill,advanced_ally_check,상급 아군 확인,데카,A02J,ReplaceableTextures\CommandButtons\BTNReveal.blp,standard,standard/BTNReveal.png,상급 아군 확인(F),"쿨다운 - 30
사용 횟수 - 무한

목표 대상을 살핀다. 목표 대상이 공표한 이름과 정체가 일치하고 아군일 경우 알아낸다."
troll,skill,bloody_madness,블러디 매드니스,데카,A03K,ReplaceableTextures\CommandButtons\BTNMaskOfDeath.blp,standard,standard/BTNMaskOfDeath.png,블러디 매드니스,"패시브

공격받았을 때 25의 마나가 있으면 마나를 소모하여 생존할 수 있다."
troll,character,neonis,네오니스,쉐도우 시프,H018,ReplaceableTextures\CommandButtons\BTNShadowHunter.blp,standard,standard/BTNShadowHunter.png,네오니스 — 쉐도우 시프,
troll,skill,publish,공표,네오니스,A000,ReplaceableTextures\CommandButtons\BTN_Common_Official.blp,custom,custom/BTN_Common_Official.png,공표(Q),"쿨다운 - 40
사용 횟수 - 무한

이름 하나를 선택하여 자신의 정체를 공표한다. 이 스킬을 사용 시 마나를 5 획득한다.

사용 후 6초 동안 이름을 선택하지 않으면 취소됩니다."
troll,skill,ally,동맹,네오니스,A004,ReplaceableTextures\CommandButtons\BTNLoad.blp,standard,standard/BTNLoad.png,동맹(E),"쿨다운 - 5
사용 횟수 - 무한

대상에게 동맹상태를 선언한다. 상호 동맹이 되기 위해서는 상대방 역시 당신에게 이 명령을 사용해야만 한다. 당신은 보유한 동맹의 숫자만큼 매턴 10의 마나를 추가로 얻는다."
troll,skill,break_ally,동맹 파기,네오니스,A005,ReplaceableTextures\CommandButtons\BTNUnload.blp,standard,standard/BTNUnload.png,동맹 파기(R),"쿨다운 - 5
사용 횟수 - 무한

대상과의 동맹을 파기시킨다."
troll,skill,attack,공격,네오니스,A002,ReplaceableTextures\CommandButtons\BTN_Common_Attack.blp,custom,custom/BTN_Common_Attack.png,공격(A),"쿨다운 - 60
사용 횟수 - 무한

목표대상의 정체를 기입하여 일치할 경우 살해한다. 기입한 정체가 틀리거나 보디가드가 있는 대상을 공격할 경우 실패한다. 실패할 경우 공격을 시도한 영웅은 사망한다.

사용 후 6초 동안 이름을 선택하지 않으면 취소됩니다."
troll,skill,enemy_check,적군 확인,네오니스,A008,ReplaceableTextures\CommandButtons\BTNReveal.blp,standard,standard/BTNReveal.png,적군 확인(F),"쿨다운 - 60
사용 횟수 - 무한

목표 대상을 살핀다. 목표 대상이 공표한 이름과 정체가 일치하고 적군일 경우 알아낸다."
troll,skill,global_chat,전체 채팅(공개),네오니스,A025,ReplaceableTextures\CommandButtons\BTNManaFlareOff.blp,standard,standard/BTNManaFlareOff.png,전체 채팅,"패시브
마나소비 - 25

'-전체 (내용)' 형태로 타이핑 할 시 자신의 정체를 숨기고 진명도 숨긴 채 모든 참가자에게 말할 수 있다. 이 기능은 한번 사용할 때마다 마나를 25 소모한다."
troll,skill,support,지원,네오니스,A03X,ReplaceableTextures\CommandButtons\BTNDarkSummoning.blp,standard,standard/BTNDarkSummoning.png,지원(Z),"쿨다운 - 90
사용 횟수 - 무한

목표 대상의 마나를 30 증가시킨다. 스스로에게는 사용할 수 없다.

대상은 누가 자신을 지원했는지 알 수 없다."
troll,skill,disguise,위장,네오니스,S00A,ReplaceableTextures\CommandButtons\BTNAuraOfDarkness.blp,standard,standard/BTNAuraOfDarkness.png,위장,"패시브

얼음 부족의 이름으로 공표할 시 얼음 부족의 '아군 확인' 및 '스캔' 스킬의 결과를 맞는 것으로 속일 수 있다."
troll,skill,neviathan_avatar,네비아탄의 화신,네오니스,A03E,ReplaceableTextures\CommandButtons\BTNDeathCoil.blp,standard,standard/BTNDeathCoil.png,네비아탄의 화신(C),"쿨다운 - 30
사용 횟수 - 무한

목표 대상이 카'눌라일 경우 알아낸다."
troll,character,kanulla,카'눌라,카오스 샤먼,H019,ReplaceableTextures\CommandButtons\BTNDarkTrollShadowPriest.blp,standard,standard/BTNDarkTrollShadowPriest.png,카'눌라 — 카오스 샤먼,
troll,skill,publish,공표,카'눌라,A000,ReplaceableTextures\CommandButtons\BTN_Common_Official.blp,custom,custom/BTN_Common_Official.png,공표(Q),"쿨다운 - 40
사용 횟수 - 무한

이름 하나를 선택하여 자신의 정체를 공표한다. 이 스킬을 사용 시 마나를 5 획득한다.

사용 후 6초 동안 이름을 선택하지 않으면 취소됩니다."
troll,skill,ally,동맹,카'눌라,A004,ReplaceableTextures\CommandButtons\BTNLoad.blp,standard,standard/BTNLoad.png,동맹(E),"쿨다운 - 5
사용 횟수 - 무한

대상에게 동맹상태를 선언한다. 상호 동맹이 되기 위해서는 상대방 역시 당신에게 이 명령을 사용해야만 한다. 당신은 보유한 동맹의 숫자만큼 매턴 10의 마나를 추가로 얻는다."
troll,skill,break_ally,동맹 파기,카'눌라,A005,ReplaceableTextures\CommandButtons\BTNUnload.blp,standard,standard/BTNUnload.png,동맹 파기(R),"쿨다운 - 5
사용 횟수 - 무한

대상과의 동맹을 파기시킨다."
troll,skill,troll_enemy_scan,적군 스캔(트롤),카'눌라,A03T,ReplaceableTextures\CommandButtons\BTNCharm.blp,standard,standard/BTNCharm.png,적군 스캔(D),"쿨다운 - 40
사용 횟수 - 무한

목표 대상을 살핀다. 대상의 정체를 기입하여 일치할 경우 알아낸다. 이 능력으로 치스의 정체는 알아낼 수 없으며, 오직 적군의 정체만을 알 수 있다."
troll,skill,chaos_hex,혼돈의 주술,카'눌라,A03V,ReplaceableTextures\CommandButtons\BTNSpy.blp,standard,standard/BTNSpy.png,혼돈의 주술(C),"쿨다운 - 70
사용 횟수 - 무한

진명을 공표하고 있을 때 사용할 수 있다. 대상이 아군이면 60초 후 대상의 정체를 알아낸다."
troll,skill,destroyer_guidance,파괴자의 인도,카'눌라,A03Y,ReplaceableTextures\CommandButtons\BTNDevour.blp,standard,standard/BTNDevour.png,파괴자의 인도(V),"사용 횟수 - 1회

데카에게 사용 가능. 성공시 카눌라는 즉사한다. 블러드 매드니스가 존재할 경우, 데카의 마나를 최대치로 회복시키고 광폭화 상태로 만든다. 블러드 매드니스가 사라졌을 경우, 데카에게 블러드 매드니스 스킬을 추가한다. 실패 시 스킬이 사라진다."
troll,character,kazrow,카즈로우,카오스 어설트,H01A,ReplaceableTextures\CommandButtons\BTNDarkTroll.blp,standard,standard/BTNDarkTroll.png,카즈로우 — 카오스 어설트,
troll,skill,publish,공표,카즈로우,A000,ReplaceableTextures\CommandButtons\BTN_Common_Official.blp,custom,custom/BTN_Common_Official.png,공표(Q),"쿨다운 - 40
사용 횟수 - 무한

이름 하나를 선택하여 자신의 정체를 공표한다. 이 스킬을 사용 시 마나를 5 획득한다.

사용 후 6초 동안 이름을 선택하지 않으면 취소됩니다."
troll,skill,ally,동맹,카즈로우,A004,ReplaceableTextures\CommandButtons\BTNLoad.blp,standard,standard/BTNLoad.png,동맹(E),"쿨다운 - 5
사용 횟수 - 무한

대상에게 동맹상태를 선언한다. 상호 동맹이 되기 위해서는 상대방 역시 당신에게 이 명령을 사용해야만 한다. 당신은 보유한 동맹의 숫자만큼 매턴 10의 마나를 추가로 얻는다."
troll,skill,break_ally,동맹 파기,카즈로우,A005,ReplaceableTextures\CommandButtons\BTNUnload.blp,standard,standard/BTNUnload.png,동맹 파기(R),"쿨다운 - 5
사용 횟수 - 무한

대상과의 동맹을 파기시킨다."
troll,skill,advanced_attack,상급 공격,카즈로우,A003,ReplaceableTextures\CommandButtons\BTN_Common_HighAttack.blp,custom,custom/BTN_Common_HighAttack.png,상급 공격(A),"쿨다운 - 60
사용 횟수 - 무한

목표대상의 정체를 기입하여 일치할 경우 살해한다. 기입한 정체가 틀리거나 보디가드가 있는 대상을 공격할 경우 실패한다. 2번 실패할 경우 공격을 시도한 영웅은 사망한다.

사용 후 6초 동안 이름을 선택하지 않으면 취소됩니다."
troll,skill,berserk_kazrow,광폭화(카즈로우),카즈로우,A03R,ReplaceableTextures\CommandButtons\BTNBerserkForTrolls.blp,standard,standard/BTNBerserkForTrolls.png,광폭화(Z),"사용 횟수 - 1회

진명을 공표하고 있을 때 사용할 수 있다. 자신의 공격 및 진실의 보석의 쿨다운을 초기화한다. 사용 시 광폭화 사용 사실이 모든 플레이어에게 알려진다.(스킬을 사용한 것이 카즈로우인지 세이로우인지는 알려지지 않는다.)"
troll,skill,reckless_charge,무모한 돌진,카즈로우,A03Z,ReplaceableTextures\CommandButtons\BTN_Skill_SoulWall.blp,custom,custom/BTN_Skill_SoulWall.png,무모한 돌진(C),"사용 횟수 - 1회

대상을 무조건 살해한다. 성공시 자신도 즉사한다."
troll,skill,assault_bond,돌격대의 결속,카즈로우,A039,ReplaceableTextures\CommandButtons\BTNFaerieFire.blp,standard,standard/BTNFaerieFire.png,돌격대의 결속,"패시브

카즈로우와 세이로우는 동맹 상태로 시작한다."
troll,skill,dark_skin,다크 스킨,카즈로우,S00B,ReplaceableTextures\CommandButtons\BTNAdvancedCreatureCarapace.blp,standard,standard/BTNAdvancedCreatureCarapace.png,다크 스킨,"패시브

카즈로우는 2번 공격당해야 사망한다."
troll,character,seirow,세이로우,파나틱 어설트,H01B,ReplaceableTextures\CommandButtons\BTNDarkTrollTrapper.blp,standard,standard/BTNDarkTrollTrapper.png,세이로우 — 파나틱 어설트,
troll,skill,publish,공표,세이로우,A000,ReplaceableTextures\CommandButtons\BTN_Common_Official.blp,custom,custom/BTN_Common_Official.png,공표(Q),"쿨다운 - 40
사용 횟수 - 무한

이름 하나를 선택하여 자신의 정체를 공표한다. 이 스킬을 사용 시 마나를 5 획득한다.

사용 후 6초 동안 이름을 선택하지 않으면 취소됩니다."
troll,skill,ally,동맹,세이로우,A004,ReplaceableTextures\CommandButtons\BTNLoad.blp,standard,standard/BTNLoad.png,동맹(E),"쿨다운 - 5
사용 횟수 - 무한

대상에게 동맹상태를 선언한다. 상호 동맹이 되기 위해서는 상대방 역시 당신에게 이 명령을 사용해야만 한다. 당신은 보유한 동맹의 숫자만큼 매턴 10의 마나를 추가로 얻는다."
troll,skill,break_ally,동맹 파기,세이로우,A005,ReplaceableTextures\CommandButtons\BTNUnload.blp,standard,standard/BTNUnload.png,동맹 파기(R),"쿨다운 - 5
사용 횟수 - 무한

대상과의 동맹을 파기시킨다."
troll,skill,advanced_ally_check,상급 아군 확인,세이로우,A02J,ReplaceableTextures\CommandButtons\BTNReveal.blp,standard,standard/BTNReveal.png,상급 아군 확인(F),"쿨다운 - 30
사용 횟수 - 무한

목표 대상을 살핀다. 목표 대상이 공표한 이름과 정체가 일치하고 아군일 경우 알아낸다."
troll,skill,berserk_seirow,광폭화(세이로우),세이로우,A03S,ReplaceableTextures\CommandButtons\BTNBerserkForTrolls.blp,standard,standard/BTNBerserkForTrolls.png,광폭화(Z),"사용 횟수 - 1회

진명을 공표하고 있을 때 사용할 수 있다. 아군 확인 스킬을 잃고, 상급 공격과 다크 스킨을 획득한다. 사용하고 20초 후에 광폭화 사용 사실이 모든 플레이어에게 알려진다.(스킬을 사용한 것이 카즈로우인지 세이로우인지는 알려지지 않는다.)"
troll,skill,battle_sense,배틀 센스,세이로우,A03B,ReplaceableTextures\CommandButtons\BTNBerserk.blp,standard,standard/BTNBerserk.png,배틀 센스(X),"쿨다운 - 60

목표 대상이 상급 전사(상급 혹은 최상급 공격을 보유)인지, 일반 전사(공격 보유)인지, 전사가 아닌지 여부를 간파할 수 있다."
troll,skill,reckless_charge,무모한 돌진,세이로우,A03Z,ReplaceableTextures\CommandButtons\BTN_Skill_SoulWall.blp,custom,custom/BTN_Skill_SoulWall.png,무모한 돌진(C),"사용 횟수 - 1회

대상을 무조건 살해한다. 성공시 자신도 즉사한다."
troll,skill,assault_bond,돌격대의 결속,세이로우,A039,ReplaceableTextures\CommandButtons\BTNFaerieFire.blp,standard,standard/BTNFaerieFire.png,돌격대의 결속,"패시브

카즈로우와 세이로우는 동맹 상태로 시작한다."
troll,skill,wild_blessing,야생의 축복,(획득형),A042,ReplaceableTextures\CommandButtons\BTNBattleRoar.blp,standard,standard/BTNBattleRoar.png,야생의 축복(X),"쿨다운 - 90
사용 횟수 - 무한

목표 대상이 울디안일 경우 상급 공격을, 울피안일 경우 배틀 센스를 부여한다. 실패하면 사라진다."
troll,skill,berserk_deka,광폭화(데카),(획득형),A043,ReplaceableTextures\CommandButtons\BTNBerserkForTrolls.blp,standard,standard/BTNBerserkForTrolls.png,광폭화,"패시브

치스의 홀리 바인딩의 대상이 될 경우 마나를 80 잃지만 블러디 매드니스가 사라지지는 않는다."
core,skill,scan,스캔,(공통 lidellut),A037,ReplaceableTextures\CommandButtons\BTNCharm.blp,standard,standard/BTNCharm.png,스캔(D),"쿨다운 - 40
사용 횟수 - 무한

목표 대상을 살핀다. 대상의 정체를 기입하여 일치할 경우 알아낸다. 이 능력으로 카이나 샤이닝의 정체는 알아낼 수 없다."
core,skill,advanced_scan,상급 스캔,(공통 primordial),A01M,ReplaceableTextures\CommandButtons\BTNCharm.blp,standard,standard/BTNCharm.png,상급 스캔(D),"쿨다운 - 30
사용 횟수 - 무한

목표 대상을 살핀다. 대상의 정체를 기입하여 일치할 경우 알아낸다. 이 능력으로 엘타스나 라엘의 정체는 알아낼 수 없다."
core,skill,truth_gem,진실의 보석,(공통 I002),A01B,ReplaceableTextures\CommandButtons\BTN3M3.blp,standard,standard/BTN3M3.png,-!아이템 : 진실의 보석 2/3,
core,skill,truth_gem,진실의 보석,(공통 I000),A01A,ReplaceableTextures\CommandButtons\BTN3M3.blp,standard,standard/BTN3M3.png,-!아이템 : 진실의 보석,
core,skill,dead_check,사망자 확인,(공통),A01E,ReplaceableTextures\CommandButtons\BTNNecromancerMaster.blp,standard,standard/BTNNecromancerMaster.png,사망자 확인(A),사망자들의 직업을 확인한다.
core,skill,memo,메모,(공통 !),A011,ReplaceableTextures\CommandButtons\BTNScrollOfProtection.blp,standard,standard/BTNScrollOfProtection.png,메모 [!](Q),메모를 확인한다. 이 스크롤에 메모를 하기 위해선 '! 할말' 을 타이핑 한다.
core,skill,memo,메모,(공통 @),A013,ReplaceableTextures\CommandButtons\BTNScrollOfHealing.blp,standard,standard/BTNScrollOfHealing.png,메모 [@](W),메모를 확인한다. 이 스크롤에 메모를 하기 위해선 '@ 할말' 을 타이핑 한다.
core,skill,memo,메모,(공통 #),A014,ReplaceableTextures\CommandButtons\BTNScroll.blp,standard,standard/BTNScroll.png,메모 [#](W),메모를 확인한다. 이 스크롤에 메모를 하기 위해선 '# 할말' 을 타이핑 한다.
core,skill,memo,메모,(공통 $),A012,ReplaceableTextures\CommandButtons\BTNLesserRejuvScroll.blp,standard,standard/BTNLesserRejuvScroll.png,메모 [$](R),메모를 확인한다. 이 스크롤에 메모를 하기 위해선 '$ 할말' 을 타이핑 한다.
core,item,I000,합쳐진 진실의 보석,,I000,ReplaceableTextures\CommandButtons\BTN3M3.blp,standard,standard/BTN3M3.png,합쳐진 진실의 보석,"쿨다운 - 360
사용 횟수 - 무한

진실의 힘에 근접으로 이 보석을 얻었도다. 목표 대상에게 사용하면 그의 정체를 즉시 알 수 있다."
core,item,I001,진실의 조각 1/3,,I001,ReplaceableTextures\CommandButtons\BTN3M1.blp,standard,standard/BTN3M1.png,진실의 조각 1/3,매 턴이 지나갈 때마다 진명을 공표한 영웅은 이 보석의 조각을 하나씩 획득한다.
core,item,I002,진실의 조각 2/3,,I002,ReplaceableTextures\CommandButtons\BTN3M2.blp,standard,standard/BTN3M2.png,진실의 조각 2/3,"사용 횟수 - 1회

매 턴이 지나갈 때마다 진명을 공표한 영웅은 이 보석의 조각을 하나씩 획득한다. 이 불완전한 보석을 사용할 경우 목표 대상의 정체를 알아낼 수 있다."
